Country,Indicator,1995,1996,1997,1998,1999,2000,2001,2002,2003,2004,2005,2006,2007,2008,2009,2010,2011,2012,2013,2014,2015,2016,2017,2018,2019,2020,2021,2022
AFGHANISTAN,Personal,..,..,..,..,..,..,..,..,..,..,..,..,..,..,..,..,..,..,..,..,..,..,..,..,..,..,..,..
AFGHANISTAN,Business and professional,..,..,..,..,..,..,..,..,..,..,..,..,..,..,..,..,..,..,..,..,..,..,..,..,..,..,..,..
ALBANIA,Personal,..,..,..,106,172,218,243,370,470,582,680,889,"1,060","1,340","1,804","2,370","2,889","3,472","3,206","3,624","4,089","4,677","5,050","5,840","6,305","2,543","5,588","7,438"
ALBANIA,Business and professional,..,..,..,63,169,77,97,100,88,63,68,48,66,79,52,47,43,42,50,48,42,59,69,87,101,115,100,106
ALGERIA,Personal,..,..,..,..,..,..,..,..,240,267,323,321,326,359,429,377,630,702,672,612,723,942,"1,470","1,838","1,776",475,22,701
ALGERIA,Business and professional,..,..,..,..,..,..,..,..,65,101,118,146,185,197,227,278,272,280,292,329,360,380,238,181,158,36,45,56
AMERICAN SAMOA,Personal,28.0,29.0,19.0,29.0,34.0,34.0,28.3,..,..,..,20.1,20.7,18.9,18.9,17.1,17.2,17.2,17.1,16.6,17.5,16.3,16.6,16.8,16.6,..,..,..,..
AMERICAN SAMOA,Business and professional,6.0,5.0,7.0,7.0,7.0,10.0,7.7,..,..,..,4.4,4.6,5.2,5.3,6.4,5.9,5.4,5.5,4.2,4.1,4.0,3.5,3.2,3.5,..,..,..,..
ANDORRA,Personal,..,..,..,..,..,..,"10,687","10,907","10,975","10,978","10,405","10,244","10,288","9,798","8,616","7,959","7,896","7,814","7,569","7,680","7,678","7,881","8,022","8,153","8,046","4,887","5,242","8,203"
ANDORRA,Business and professional,..,..,..,..,..,..,664,601,626,691,645,493,456,396,496,592,87,86,107,117,173,145,130,175,189,320,180,224
ANGOLA,Personal,6,18,39,43,39,46,56,62,88,173,182,98,166,235,289,313,246,289,386,360,320,291,187,167,168,57,58,92
ANGOLA,Business and professional,3,3,6,9,6,5,11,29,19,21,28,24,28,59,76,112,235,239,264,235,272,107,74,51,50,6,6,37
ANGUILLA,Personal,105,84,111,111,104,109,101,107,105,117,138,160,156,122,109,115,121,127,148,174,182,171,148,84,163,40,28,94
ANGUILLA,Business and professional,2,2,3,3,3,3,4,4,4,4,5,7,8,6,4,4,3,3,3,3,4,5,3,3,3,1,1,2
ANTIGUA AND BARBUDA,Personal,186,199,209,202,..,..,..,..,..,234,231,240,251,258,228,225,234,..,..,240,241,258,240,258,286,119,163,254
ANTIGUA AND BARBUDA,Business and professional,5,3,2,2,..,..,..,..,..,12,14,14,11,8,6,5,7,..,..,9,9,7,7,11,15,6,6,11
ARGENTINA,Personal,..,..,..,..,..,..,..,..,..,"1,197","1,482","1,781","1,923","1,966","1,694","2,203","2,243","2,173","1,957","2,010","1,827","1,837","1,873","2,017","2,332",560,154,"1,446"
ARGENTINA,Business and professional,..,..,..,..,..,..,..,..,..,382,388,362,451,435,388,494,509,450,476,511,525,477,560,662,588,74,21,213
ARMENIA,Personal,10,11,20,27,33,41,99,131,167,217,251,268,336,369,378,453,523,631,672,776,770,858,"1,138","1,201","1,593",319,716,"1,106"
ARMENIA,Business and professional,2,2,3,5,8,4,25,31,39,46,67,114,175,189,197,230,235,332,412,428,422,402,357,451,301,56,154,560
ARUBA,Personal,604,623,610,609,643,681,651,612,609,695,699,660,737,799,..,800,816,856,924,"1,015","1,162","1,042","1,009","1,023","1,071",349,772,"1,038"
ARUBA,Business and professional,15,17,36,38,40,40,40,31,33,33,34,34,35,28,..,24,53,48,55,57,63,60,62,59,48,19,34,63
AUSTRALIA,Personal,"3,156","3,504","3,626","3,501","3,714","4,080","4,019","3,968","3,847","4,216","4,395","4,315","4,336","4,247","4,271","4,431","4,351","4,577","5,038","5,435","5,870","6,670","7,072","7,440","7,624","1,422",192,"2,957"
AUSTRALIA,Business and professional,570,659,692,667,745,851,837,873,900,999,"1,104","1,218","1,309","1,339","1,219","1,360","1,420","1,455","1,443","1,486","1,580","1,599","1,744","1,806","1,842",406,54,737
AUSTRIA,Personal,..,..,..,..,..,..,..,..,..,..,..,..,..,..,..,..,..,..,..,..,..,..,..,..,..,..,..,..
AUSTRIA,Business and professional,..,..,..,..,..,..,..,..,..,..,..,..,..,..,..,..,..,..,..,..,..,..,..,..,..,..,..,..
AZERBAIJAN,Personal,58,43,96,45,64,75,49,59,103,150,890,910,"1,028","1,505","1,450","1,415","1,647","1,889","1,860","1,627","1,374","1,557","1,862","2,062","2,320",618,595,"1,202"
AZERBAIJAN,Business and professional,35,167,210,438,538,606,718,775,935,"1,130",287,284,305,394,380,548,592,595,649,670,632,692,834,787,851,178,197,401
BAHAMAS,Personal,"1,477","1,486","1,440","1,380","1,403","1,364","1,376","1,357","1,362","1,416","1,474","1,487","1,396","1,343","1,245","1,303","1,262","1,331","1,278","1,354","1,390","1,392","1,365","1,531","1,696",402,861,"1,368"
BAHAMAS,Business and professional,121,147,178,148,174,180,162,156,144,145,151,127,142,126,91,75,93,100,99,90,107,107,87,102,111,38,31,84
BAHRAIN,Personal,"1,273","1,813","2,443","2,744","3,090","3,610","4,058","4,412","4,302","5,020","5,687","6,421","6,788","7,362",..,..,"6,082",..,..,..,"7,276","8,632","10,697","11,221","10,166","1,771","3,414","9,551"
BAHRAIN,Business and professional,122,175,157,153,190,259,330,419,542,647,627,868,"1,045","1,269",..,..,650,..,..,..,"2,394","1,526",677,824,895,139,198,397
BANGLADESH,Personal,108,122,124,117,137,159,173,177,211,216,105,109,156,340,145,..,..,..,..,..,..,..,..,..,..,..,..,..
BANGLADESH,Business and professional,48,43,58,55,36,40,34,30,34,55,103,91,133,127,122,..,..,..,..,..,..,..,..,..,..,..,..,..
BARBADOS,Personal,423,423,435,471,460,485,450,439,466,481,476,503,516,508,463,479,514,485,451,462,533,574,610,628,477,184,132,475
BARBADOS,Business and professional,19,24,37,41,55,60,57,58,65,70,72,60,58,60,55,53,54,51,58,59,59,58,54,52,45,23,13,65
BELARUS,Personal,..,..,..,..,..,"1,795","1,592","1,727","1,515","1,566","4,324","4,751","4,837","4,837","4,505","5,302","5,464","5,723","5,866","5,026","4,105","8,179","8,273","8,833","8,939","2,775","2,632","4,188"
BELARUS,Business and professional,..,..,..,..,..,235,260,180,214,250,414,525,446,425,367,372,413,407,376,349,281,"2,756","2,787","2,668","2,893",823,729,732
BELGIUM,Personal,"3,621","3,653","3,750","3,901","4,022","3,974","4,054","4,319","4,406","4,377","4,381","4,503","4,605","4,588","4,532","4,779","4,886","4,772","4,846","5,045","5,450","4,810","5,444","6,048","6,195","1,744","2,207","5,849"
BELGIUM,Business and professional,"1,939","2,176","2,287","2,278","2,346","2,483","2,398","2,400","2,284","2,333","2,366","2,492","2,440","2,576","2,283","2,407","2,608","2,788","2,838","2,842","2,905","2,672","2,940","3,070","3,148",840,"1,036","2,371"
BELIZE,Personal,332,340,294,167,172,187,186,186,208,219,225,235,238,235,222,231,238,264,281,304,326,371,410,478,490,135,204,..
BELIZE,Business and professional,10,9,12,9,9,9,10,13,13,12,12,12,13,10,10,11,12,13,13,17,15,14,17,11,13,9,16,..
BENIN,Personal,..,..,..,..,24,19,..,..,..,..,..,..,88,103,82,103,115,121,117,118,118,127,135,134,138,171,..,..
BENIN,Business and professional,..,..,..,..,56,77,..,..,..,..,..,..,97,85,108,96,94,99,114,124,136,140,146,160,171,154,..,..
BERMUDA,Personal,330,333,319,309,301,284,244,244,206,216,211,242,238,203,185,184,184,187,187,178,175,200,221,235,222,33,66,123
BERMUDA,Business and professional,57,57,61,60,54,48,34,39,51,55,59,57,68,61,50,48,52,45,49,47,45,44,48,47,47,9,6,23
BHUTAN,Personal,4.8,5.2,5.4,6.2,7.2,7.6,6.4,5.6,6.3,9.2,13.6,17.3,21,26,22,37,43,85,98,118,140,192,238,259,298,28,0,..
BHUTAN,Business and professional,..,..,..,..,..,..,..,..,..,..,..,..,..,2,2,4,23,20,18,16,15,18,17,15,17,2,..,..
"BOLIVIA, PLURINATIONAL STATE OF",Personal,178,267,302,331,291,262,260,275,378,431,490,488,536,499,549,623,652,732,732,784,775,845,974,"1,004","1,089",284,158,549
"BOLIVIA, PLURINATIONAL STATE OF",Business and professional,106,46,53,57,51,43,56,59,50,49,34,33,37,31,50,56,59,66,66,87,107,116,134,138,150,39,22,175
BONAIRE,Personal,..,..,61,55,48,47,46,50,63,61,..,..,..,..,..,..,..,..,..,..,..,..,..,..,..,..,..,..
BONAIRE,Business and professional,..,..,1,5,7,4,4,1,2,1,..,..,..,..,..,..,..,..,..,..,..,..,..,..,..,..,..,..
BOSNIA AND HERZEGOVINA,Personal,..,..,..,..,..,..,..,..,..,..,..,..,..,..,..,..,..,..,316,364,523,608,736,831,962,151,411,771
BOSNIA AND HERZEGOVINA,Business and professional,..,..,..,..,..,..,..,..,..,..,..,..,..,..,..,..,..,..,213,172,155,170,187,222,236,45,91,144
BOTSWANA,Personal,471,462,547,671,762,961,"1,095","1,151","1,300","1,443","1,396","1,349","1,618","1,954","1,576","1,785",..,"1,465","1,187","1,357","1,037","1,113","1,241","1,282","1,181",259,203,..
BOTSWANA,Business and professional,50,49,60,79,81,143,98,123,106,80,78,77,118,147,146,188,..,149,357,609,490,462,381,372,274,69,111,..
BRAZIL,Personal,"1,455","1,901","1,921","3,532","4,023","3,833","3,330","2,714","3,059","3,418","3,799","3,607","3,649","3,676","3,702","3,959","4,042","4,246","4,290","5,022","5,032","5,322","5,561","5,728","5,375",..,..,..
BRAZIL,Business and professional,536,765,929,"1,286","1,084","1,480","1,443","1,070","1,075","1,376","1,559","1,410","1,377","1,374","1,100","1,203","1,391","1,431","1,523","1,408","1,274","1,224","1,028",894,978,..,..,..
BRITISH VIRGIN ISLANDS,Personal,218,247,242,274,280,266,289,276,312,300,..,344,345,329,293,313,317,330,343,..,..,..,..,..,..,..,..,..
BRITISH VIRGIN ISLANDS,Business and professional,1,2,2,5,4,6,7,6,6,5,..,12,13,16,16,17,21,21,23,..,..,..,..,..,..,..,..,..
BRUNEI DARUSSALAM,Personal,442,789,..,926,931,950,823,..,..,..,811,..,142,185,118,169,195,157,163,149,169,174,216,234,290,54,1,..
BRUNEI DARUSSALAM,Business and professional,56,48,..,38,36,34,17,..,..,..,4,..,36,41,39,45,47,52,62,52,49,45,43,44,44,9,2,..
BULGARIA,Personal,"7,813","6,657","7,355","5,107","4,886","4,744","4,920","5,383","6,025","6,709","6,942","7,167","7,350","8,115","6,798","7,440","7,741","7,826","8,166","8,191","8,126","9,183","10,034","10,641","10,791","4,242","6,322","9,653"
BULGARIA,Business and professional,192,154,188,132,170,178,184,180,216,272,340,332,376,418,"1,075",934,972,"1,041","1,026","1,217","1,192","1,421","1,562","1,728","1,761",732,866,"1,235"
BURKINA FASO,Personal,66,78,81,87,66,67,131,88,101,124,99,125,163,155,155,164,178,192,187,208,199,182,195,197,197,188,236,260
BURKINA FASO,Business and professional,107,105,112,123,84,98,53,111,115,165,225,233,211,221,246,263,256,291,319,278,275,306,318,344,373,248,284,271
BURUNDI,Personal,22,18,8,10,17,19,24,52,52,88,100,149,165,173,182,122,111,134,217,193,121,156,252,..,..,..,..,..
BURUNDI,Business and professional,11,9,3,5,9,10,12,22,22,45,49,64,27,28,30,20,33,13,17,42,10,31,47,..,..,..,..,..
CABO VERDE,Personal,..,..,..,..,..,..,..,..,..,..,..,..,..,..,..,..,..,..,..,..,..,..,..,..,..,..,..,..
CABO VERDE,Business and professional,..,..,..,..,..,..,..,..,..,..,..,..,..,..,..,..,..,..,..,..,..,..,..,..,..,..,..,..
CAMBODIA,Personal,175,202,170,149,208,304,346,465,630,919,"1,246","1,482","1,869","1,966","2,029","2,367","2,739","3,416","4,025","4,297","4,476","4,670","5,229","5,514","5,239","1,034",105,"1,846"
CAMBODIA,Business and professional,44,58,49,37,55,47,62,58,71,68,87,109,146,159,133,141,143,168,185,206,300,342,373,687,"1,371",272,91,431
CAMEROON,Personal,..,..,..,..,..,..,..,..,..,..,..,..,..,..,..,..,..,..,..,..,..,..,..,..,..,..,..,..
CAMEROON,Business and professional,..,..,..,..,..,..,..,..,..,..,..,..,..,..,..,..,..,..,..,..,..,..,..,..,..,..,..,..
CANADA,Personal,"14,402","14,645","14,767","15,783","16,280","16,712","17,061","17,404","15,188","16,460","15,989","15,477","15,189","14,332","13,240","13,576","13,552","13,855","13,430","13,758","14,735","16,210","16,793","17,439","18,261",..,..,..
CANADA,Business and professional,"2,530","2,641","2,868","3,045","3,087","2,842","2,519","2,560","2,231","2,571","2,622","2,651","2,587","2,666","2,346","2,412","2,463","2,489","2,553","2,688","3,124","3,612","3,783","3,519","3,784",..,..,..
CAYMAN ISLANDS,Personal,..,..,..,..,..,339,324,290,279,246,156,248,271,284,256,272,291,302,325,364,367,364,395,436,472,114,..,..
CAYMAN ISLANDS,Business and professional,..,..,..,..,..,16,10,13,15,14,12,19,21,19,16,17,18,20,20,19,19,21,24,27,31,8,..,..
CENTRAL AFRICAN REPUBLIC,Personal,..,..,..,4,..,6,6,1,4,6,8,8,11,17,27,24,28,32,49,56,77,41,56,56,47,33,..,..
CENTRAL AFRICAN REPUBLIC,Business and professional,..,..,..,3,..,5,4,2,2,3,4,6,6,14,26,30,37,39,35,40,44,41,51,53,40,1,..,..
CHAD,Personal,..,..,..,..,..,..,..,..,..,..,..,22,54,38,58,49,65,57,..,..,..,..,..,..,..,7,16,..
CHAD,Business and professional,..,..,..,..,..,..,..,..,..,..,..,24,23,22,12,22,12,29,..,..,..,..,..,..,..,3,17,..
CHILE,Personal,"1,187","1,227","1,471","1,613","1,466","1,494","1,553","1,296","1,462","1,585","1,719","1,795","2,075","2,142","2,026","2,032","2,435","2,904","2,952","3,009","3,786","4,827","5,814","5,169","4,030","1,024",..,"1,809"
CHILE,Business and professional,353,223,173,144,166,248,207,195,210,240,350,478,459,568,734,769,702,651,624,666,692,814,636,554,488,95,..,221
CHINA,Personal,..,..,..,..,..,..,..,"10,219","8,501","13,071","15,657","16,662","19,149","18,648","16,701","19,930","20,785","20,911","20,096","20,965","20,608","25,687","37,246","41,804","42,829",..,..,..
CHINA,Business and professional,..,..,..,..,..,..,..,"3,220","2,902","3,861","4,598","5,548","6,961","5,678","5,237","6,197","6,326","6,280","6,194","5,396","5,377","5,797","5,697","6,147","6,285",..,..,..
COLOMBIA,Personal,742,..,300,592,..,490,559,432,460,574,667,..,..,..,..,"1,059","1,264","1,126","1,186","1,266","1,547","1,803","2,018","2,250","2,354",814,"1,306","3,097"
COLOMBIA,Business and professional,657,..,339,82,..,68,56,135,165,217,266,..,..,..,..,158,207,240,302,429,438,438,448,459,460,88,92,207
COMOROS,Personal,21,21,23,23,22,22,16.3,14.6,16.4,19.0,21.0,23.1,10.8,10.6,8.3,12.0,15.3,17.1,18.6,17.7,17.9,21.7,21.2,25.5,37.0,5.5,24.9,..
COMOROS,Business and professional,2,3,3,4,2,2,3.0,4.3,4.1,4.3,4.9,5.4,4.4,4.2,3.0,3.3,3.5,5.6,3.3,5.1,5.7,5.1,6.8,10.4,8.1,1.5,3.9,..
CONGO,Personal,..,..,..,..,..,..,..,..,..,..,..,..,..,..,..,127,148,159,221,171,168,163,108,85,..,..,..,..
CONGO,Business and professional,..,..,..,..,..,..,..,..,..,..,..,..,..,..,..,72,76,100,124,58,56,50,43,73,..,..,..,..
"CONGO, DEMOCRATIC REPUBLIC OF THE",Personal,15,..,..,44,65,93,49,25,14,14,19,20,21,18,19,46,67,91,107,195,207,206,..,..,..,..,..,..
"CONGO, DEMOCRATIC REPUBLIC OF THE",Business and professional,20,..,..,9,15,10,5,3,21,22,42,35,26,32,34,35,119,76,84,139,147,146,..,..,..,..,..,..
COOK ISLANDS,Personal,47,47,48,46,53,70,72,69,74,79,85,89,93,91,98,101,110,118,117,117,121,141,156,163,166,25,26,112
COOK ISLANDS,Business and professional,2,2,2,2,2,3,3,4,4,4,3,3,4,4,3,3,3,4,4,4,4,5,6,6,6,1,0,1.9
COSTA RICA,Personal,592,659,697,729,772,829,921,849,966,"1,203","1,407","1,428","1,651","1,646","1,702","1,829","1,890","2,037","2,141","2,180","2,241","2,631","2,715","2,731","2,978",..,"1,294","2,250"
COSTA RICA,Business and professional,193,122,114,214,260,259,210,264,272,250,272,298,329,443,222,271,302,306,287,347,419,295,245,285,161,..,53,100
COTE D´IVOIRE,Personal,104,130,125,..,..,..,..,..,..,..,..,..,..,..,..,151,163,174,228,273,836,"1,013","1,026","1,123","1,185",382,329,..
COTE D´IVOIRE,Business and professional,84,107,135,..,..,..,..,..,..,..,..,..,..,..,..,101,107,116,152,198,605,570,774,842,886,286,247,..
CROATIA,Personal,..,..,..,..,..,..,..,..,..,..,..,..,..,..,..,..,..,..,..,..,..,..,..,..,..,..,..,..
CROATIA,Business and professional,..,..,..,..,..,..,..,..,..,..,..,..,..,..,..,..,..,..,..,..,..,..,..,..,..,..,..,..
CUBA,Personal,733,989,"1,142","1,379","1,549","1,729","1,723","1,643","1,835","2,006","2,249","2,137","2,107","2,304","2,393","2,495","2,672","2,806","2,824","2,966","3,488","3,952","4,563","4,669","4,238","1,080",352,"1,601"
CUBA,Business and professional,9,10,11,11,12,12,13,13,12,11,12,13,12,12,12,12,16,17,15,14,19,23,31,15,25,5,5,12
CURAÇAO,Personal,200,190,196,195,167,152,163,184,195,202,207,218,287,385,333,304,360,394,409,418,437,415,369,409,443,170,250,468
CURAÇAO,Business and professional,24,24,9,3,32,39,39,31,24,21,15,15,12,23,34,38,30,26,31,34,31,26,30,23,20,5,15,21
CYPRUS,Personal,..,..,..,"2,102","2,308","2,541","2,568","2,287","2,176","2,210","2,327","2,250","2,241","2,239","1,984","2,023","2,231","2,245","2,263","2,326","2,522","3,010","3,439","3,701","3,728",558,..,..
CYPRUS,Business and professional,..,..,..,121,126,145,129,131,127,139,143,151,175,165,157,150,161,125,100,115,137,177,213,238,249,74,..,..
CZECH REPUBLIC (CZECHIA),Personal,..,..,..,..,..,..,..,..,..,..,..,..,..,..,..,..,..,..,..,..,..,..,..,..,..,..,..,..
CZECH REPUBLIC (CZECHIA),Business and professional,..,..,..,..,..,..,..,..,..,..,..,..,..,..,..,..,..,..,..,..,..,..,..,..,..,..,..,..
DENMARK,Personal,..,..,..,..,..,..,..,..,..,"21,070","25,692","25,718","25,963","25,713","25,536","25,631","25,078","25,632","25,727","26,966","27,038","27,568","29,265","29,265","30,539","15,658","17,889","30,287"
DENMARK,Business and professional,..,..,..,..,..,..,..,..,..,984,"1,235","1,218","1,175","1,157","1,035","1,099",734,771,789,"1,104","1,171","1,124","1,471","1,535","1,526",373,483,"1,243"
DJIBOUTI,Personal,..,..,..,..,..,..,..,..,..,..,..,..,..,..,..,..,..,..,..,..,..,..,72,78,95,33,60,77
DJIBOUTI,Business and professional,..,..,..,..,..,..,..,..,..,..,..,..,..,..,..,..,..,..,..,..,..,..,61,64,72,42,55,68
DOMINICA,Personal,50,51,53,54,60,57,54,56,60,67,67,71,72,66,61,62,62,66,66,68,62,65,60,51,80,19,12,55
DOMINICA,Business and professional,10,11,12,11,13,12,12,13,13,14,13,14,10,15,14,14,14,13,13,14,13,13,12,12,9,3,3,6
DOMINICAN REPUBLIC,Personal,"1,665","1,826","2,085","2,264","2,542","2,855","2,784","2,706","3,186","3,356","3,563","3,822","3,821","3,839","3,851","3,959","4,147","4,413","4,535","5,007","5,485","5,844","6,081","6,434","6,324","2,325","4,881","6,914"
DOMINICAN REPUBLIC,Business and professional,111,122,99,70,107,117,85,87,96,94,128,143,159,141,141,166,159,150,155,134,115,116,107,135,123,80,114,250
ECUADOR,Personal,..,..,..,..,..,..,..,..,..,..,..,..,..,..,..,788,858,"1,016","1,195","1,626","1,610","1,456","1,565","2,258","1,796",387,453,"1,124"
ECUADOR,Business and professional,..,..,..,..,..,..,..,..,..,..,..,..,..,..,..,259,283,256,169,69,66,113,241,278,311,121,216,141
EGYPT,Personal,..,..,"3,564","3,129","4,331","4,999","4,271","4,811","5,607","7,613","8,062","8,504","10,515","12,185","11,735","13,924","9,411","11,095","9,025","9,484","9,057","5,211","8,083","11,095","12,760",..,..,..
EGYPT,Business and professional,..,..,92,84,159,117,86,95,139,182,182,142,95,111,179,126,86,101,149,144,82,47,73,101,116,..,..,..
EL SALVADOR,Personal,230,272,213,200,406,490,494,794,564,742,863,937,996,968,923,985,"1,041","1,100","1,136","1,188","1,236","1,231","1,419","1,525","1,653",516,"1,171","1,790"
EL SALVADOR,Business and professional,5,11,174,341,252,304,241,4,156,209,264,341,343,417,168,165,143,155,146,158,165,202,137,153,112,33,48,101
EQUATORIAL GUINEA,Personal,..,..,..,..,..,..,..,..,..,..,..,..,..,..,..,..,..,..,..,..,..,..,..,..,..,..,..,..
EQUATORIAL GUINEA,Business and professional,..,..,..,..,..,..,..,..,..,..,..,..,..,..,..,..,..,..,..,..,..,..,..,..,..,..,..,..
ERITREA,Personal,236,239,235,92,42,49,91,80,64,74,71,66,71,62,72,77,100,123,137,116,114,136,..,..,..,..,..,..
ERITREA,Business and professional,79,178,175,96,15,21,22,21,16,13,13,12,10,8,7,7,7,6,4,3,..,6,..,..,..,..,..,..
ESTONIA,Personal,"1,745","1,984","2,029","2,269","2,458","2,549","2,470",..,..,..,..,..,..,..,..,..,..,..,..,..,..,..,..,..,..,..,..,..
ESTONIA,Business and professional,365,460,590,640,723,761,760,..,..,..,..,..,..,..,..,..,..,..,..,..,..,..,..,..,..,..,..,..
ESWATINI,Personal,..,222,215,191,208,204,190,147,339,338,"1,014","1,026","1,065","1,035","1,193","1,214","1,193","1,151","1,169","1,170","1,046","1,097","1,152","1,098","1,040",296,140,417
ESWATINI,Business and professional,..,93,54,93,81,77,93,109,122,121,168,174,165,151,151,129,135,128,130,155,210,182,191,180,185,49,71,85
ETHIOPIA,Personal,60,68,71,59,62,74,84,113,131,138,165,192,251,265,308,354,382,408,493,557,623,716,862,653,635,..,495,863
ETHIOPIA,Business and professional,43,40,44,32,30,35,32,43,48,46,62,98,61,65,119,114,141,188,189,214,241,154,72,196,177,..,23,34
FIJI,Personal,290,314,331,340,377,272,323,367,398,465,502,503,504,540,500,587,627,619,626,656,711,738,786,818,837,137,29,616
FIJI,Business and professional,28,26,28,31,32,22,24,31,33,39,43,46,36,45,42,45,48,41,33,37,44,54,57,52,57,10,2,20
FINLAND,Personal,..,..,..,"2,267","2,224","2,527","2,931","3,414","3,270","3,540","3,558","3,738","4,040","4,284","4,244","4,701","5,604","5,860",..,..,..,..,..,..,..,..,..,..
FINLAND,Business and professional,..,..,..,"1,165","1,139","1,262","1,321","1,273","1,257","1,314","1,480","1,607","1,696","1,788","1,451","1,481","1,656","1,776",..,..,..,..,..,..,..,..,..,..
FRANCE,Personal,..,"54,422","57,928",..,..,..,"65,336",..,..,"63,578","66,627","69,876","72,570","68,107","66,530","66,944","69,378","71,801","73,455","71,929","72,605","71,020","74,916","78,258","79,653",..,..,..
FRANCE,Business and professional,..,"7,984","8,663",..,..,..,"9,866",..,..,"10,857","8,361","8,040","8,283","11,111","10,234","9,703","11,120","10,179","10,179","11,773","11,847","11,663","11,842","11,064","11,261",..,..,..
FRENCH GUIANA,Personal,..,..,..,..,..,..,35,41,..,..,47,..,42,..,46,..,..,..,..,..,52,57,67,..,..,..,..,..
FRENCH GUIANA,Business and professional,..,..,..,..,..,..,30,24,..,..,48,..,67,..,37,..,..,..,..,..,35,38,44,..,..,..,..,..
FRENCH POLYNESIA,Personal,164,157,168,180,..,..,218,177,199,199,195,208,206,181,147,142,151,157,153,167,171,175,186,204,222,72,76,207
FRENCH POLYNESIA,Business and professional,8,7,12,10,..,..,10,12,14,13,13,14,12,15,13,12,12,12,11,14,13,18,13,12,14,6,6,12
GABON,Personal,91,122,134,151,137,..,..,..,..,..,..,..,..,..,..,..,..,..,..,..,..,..,..,..,..,..,..,..
GABON,Business and professional,34,23,33,44,41,..,..,..,..,..,..,..,..,..,..,..,..,..,..,..,..,..,..,..,..,..,..,..
GAMBIA,Personal,45,77,85,91,96,79,57,81,89,89,103,122,140,139,101,70,85,..,..,..,133,160,156,200,232,..,96,164
GAMBIA,Business and professional,..,..,..,..,..,..,..,..,..,1,5,3,2,8,41,21,21,..,..,..,1,1,6,9,4,..,6,19
GEORGIA,Personal,..,..,..,..,..,..,..,..,..,..,..,..,..,..,..,..,..,..,..,..,"4,722","4,847","5,951","6,580","6,894",..,..,"4,392"
GEORGIA,Business and professional,..,..,..,..,..,..,..,..,..,..,..,..,..,..,..,..,..,..,..,..,534,546,532,624,832,..,..,312
GERMANY,Personal,..,..,..,..,..,..,..,..,..,..,..,..,..,..,..,..,..,..,..,..,..,..,..,..,..,..,..,..
GERMANY,Business and professional,..,..,..,..,..,..,..,..,..,..,..,..,..,..,..,..,..,..,..,..,..,..,..,..,..,..,..,..
GHANA,Personal,..,..,..,..,..,254,279,307,338,371,270,308,329,419,482,..,..,..,..,..,..,447,284,332,509,159,347,..
GHANA,Business and professional,..,..,..,..,..,145,160,176,193,213,158,189,258,279,321,..,..,..,..,..,..,486,685,625,622,196,277,..
GREECE,Personal,"9,748",..,..,..,..,..,..,..,..,..,..,..,..,..,..,..,..,..,..,..,..,..,..,..,..,..,..,..
GREECE,Business and professional,964,..,..,..,..,..,..,..,..,..,..,..,..,..,..,..,..,..,..,..,..,..,..,..,..,..,..,..
GRENADA,Personal,98,..,98,91,..,71,104,113,121,103,79,100,104,104,95,89,98,96,99,113,121,121,134,150,152,41,39,125
GRENADA,Business and professional,10,..,12,13,..,12,12,19,22,31,19,19,26,26,19,21,20,10,7,12,11,15,12,11,11,3,3,8
GUADELOUPE,Personal,..,..,..,..,..,..,..,..,..,..,..,..,..,..,..,369,393,..,622,408,435,..,..,..,..,..,..,..
GUADELOUPE,Business and professional,..,..,..,..,..,..,..,..,..,..,..,..,..,..,..,23,25,..,24,78,77,..,..,..,..,..,..,..
GUAM,Personal,..,..,"1,347","1,106","1,135","1,249","1,314","1,006",834,"1,090","1,148","1,149","1,145","1,061","1,007","1,146","1,111","1,255","1,287","1,286","1,341","1,464","1,474","1,486","1,604",264,57,262
GUAM,Business and professional,..,..,26,23,21,20,18,17,17,31,37,35,36,31,37,42,39,44,42,45,42,53,70,47,51,10,5,14
GUATEMALA,Personal,389,359,397,..,..,..,..,..,..,..,..,"1,187","1,285","1,320","1,066","1,101","1,151","1,196","1,217","1,402","1,470","1,669","1,812","2,067","2,203",509,532,"1,534"
GUATEMALA,Business and professional,175,161,179,..,..,..,..,..,..,..,..,315,342,395,245,282,283,295,299,337,395,237,302,339,356,85,134,311
GUINEA,Personal,..,..,..,4,13,16,19,22,24,26,25,26,18,14,..,6,76,58,28,18,17,30,47,..,..,..,..,..
GUINEA,Business and professional,..,..,..,19,14,16,18,20,20,19,20,20,12,10,..,7,55,38,29,16,18,33,52,..,..,..,..,..
GUINEA-BISSAU,Personal,..,..,..,..,..,..,4.5,..,..,..,3.2,7.2,..,..,..,..,..,..,..,..,..,..,..,..,..,..,..,..
GUINEA-BISSAU,Business and professional,..,..,..,..,..,..,3.2,..,..,..,1.8,4.4,..,..,..,..,..,..,..,..,..,..,..,..,..,..,..,..
GUYANA,Personal,101,90,74,..,..,..,..,..,..,..,..,..,..,..,..,132,138,159,179,183,180,205,216,251,268,71,131,236
GUYANA,Business and professional,5,2,2,..,..,..,..,..,..,..,..,..,..,..,..,20,19,18,21,23,27,30,32,36,47,16,27,53
HAITI,Personal,119,..,122,120,117,..,..,..,118,82,90,86,309,238,326,211,303,..,367,414,463,403,428,417,269,193,139,..
HAITI,Business and professional,26,..,27,27,26,..,..,..,18,14,22,22,77,20,61,44,45,..,53,51,53,42,39,31,17,10,9,..
HONDURAS,Personal,220,204,260,265,306,402,449,466,518,544,571,603,543,583,547,626,661,647,683,657,697,678,691,704,622,184,421,772
HONDURAS,Business and professional,50,59,46,56,65,69,69,83,93,97,102,136,261,286,289,236,210,248,179,211,183,159,159,143,103,20,39,73
"HONG KONG, CHINA",Personal,..,..,..,..,..,..,..,..,..,"10,248","11,378","11,959","13,638","13,689","13,855","16,661","18,753","20,186","22,094","23,940","22,690","22,511","23,935","25,326","20,719",..,..,..
"HONG KONG, CHINA",Business and professional,..,..,..,..,..,..,..,..,..,"3,407","3,395","3,862","3,516","3,630","3,071","3,424","3,563","3,584","3,567","3,830","3,996","4,041","3,949","3,937","3,033",..,..,..
HUNGARY,Personal,..,..,..,..,..,..,..,..,..,"32,365","34,433","36,608","37,755","37,704","39,030","38,269","39,882","42,175","42,283","44,780","47,016","51,585","53,772","56,397","59,755","30,190","34,352","44,310"
HUNGARY,Business and professional,..,..,..,..,..,..,..,..,..,"1,569","1,740","1,710","1,624","1,850","1,594","1,635","1,422","1,390","1,327","1,204","1,329","1,304","1,190","1,270","1,642","1,450","2,335","2,034"
ICELAND,Personal,..,..,..,..,..,..,..,..,..,..,..,..,..,..,..,..,..,..,..,..,..,..,..,..,..,..,..,..
ICELAND,Business and professional,..,..,..,..,..,..,..,..,..,..,..,..,..,..,..,..,..,..,..,..,..,..,..,..,..,..,..,..
INDIA,Personal,"1,618","1,754","1,820","1,867","1,915","2,043","2,459","2,272","2,538","3,357","3,785","4,360","4,807","3,724","4,267","4,915","4,890","5,098","5,275","6,535",..,"7,433","8,671","8,839","9,325","2,424","1,338",..
INDIA,Business and professional,144,169,154,108,110,110,78,112,188,100,133,88,275,"1,558",901,861,"1,419","1,480","1,693","1,144",..,"1,372","1,365","1,719","1,606",321,190,..
INDONESIA,Personal,"2,957","2,918","2,731","3,007","2,828","2,971","2,958","2,977","2,553","3,130","2,939","2,861","3,344","3,801","4,006","4,433","4,904","5,260","5,721","6,273","6,933","7,656","10,972","12,356","12,588","1,501",841,"5,294"
INDONESIA,Business and professional,"1,367","2,116","2,454","1,599","1,899","2,093","2,196","2,056","1,914","2,191","2,063","2,011","2,161","2,433","2,317","2,570","2,746","2,784","3,081","3,163","3,474","3,864","3,068","3,455","3,519","2,552",717,595
"IRAN, ISLAMIC REPUBLIC OF",Personal,..,..,..,..,..,..,..,..,..,..,..,..,..,..,..,..,..,..,..,..,..,"4,926",..,..,..,..,..,..
"IRAN, ISLAMIC REPUBLIC OF",Business and professional,..,..,..,..,..,..,..,..,..,..,..,..,..,..,..,..,..,..,..,..,..,16,..,..,..,..,..,..
IRAQ,Personal,..,..,..,..,..,..,..,..,..,..,..,..,..,..,..,..,..,..,..,..,..,..,..,..,..,..,..,..
IRAQ,Business and professional,..,..,..,..,..,..,..,..,..,..,..,..,..,..,..,..,..,..,..,..,..,..,..,..,..,..,..,..
IRELAND,Personal,"3,938","4,076","4,283","4,460","4,663","4,817","5,475","5,638","5,949","6,063","6,423","6,976","7,224","6,819","6,225","6,115","6,548","6,411","7,039","7,513","8,149","8,705","8,937","9,568","9,487",..,..,..
IRELAND,Business and professional,876,"1,213","1,304","1,604","1,740","1,829",878,838,815,890,910,"1,026","1,108","1,207",964,"1,018","1,082","1,140","1,220","1,301","1,378","1,395","1,401","1,358","1,464",..,..,..
ISRAEL,Personal,"1,860","1,679","1,599","1,555","1,942","2,127",981,698,850,"1,219","1,591","1,588","1,840","2,238","1,973","2,455","2,425","2,453","2,606","2,549","2,435","2,575","3,209","3,709","4,101",..,..,..
ISRAEL,Business and professional,354,420,411,387,370,266,227,164,213,286,312,237,227,334,348,348,395,433,355,378,364,325,405,412,451,..,..,..
ITALY,Personal,..,"52,811","49,514","49,577","51,280","52,961","51,159","52,931","53,272","49,882","50,039","55,520","58,278","58,327","58,247","59,695","61,958","61,770","62,576","64,058","67,747","70,275","75,394","78,851","80,524","29,763","30,049","61,365"
ITALY,Business and professional,..,"6,994","8,484","8,922","8,241","9,741","9,801","10,630","9,754","8,597","9,190","10,833","11,992","12,392","13,445","13,530","13,908","14,522","14,186","13,636","13,321","14,649","14,537","14,378","14,875","8,656","10,137","12,951"
JAMAICA,Personal,"1,085","1,099","1,128","1,157","1,180","1,256","1,208","1,193","1,279","1,337","1,394","1,578","1,597","1,658","1,730","1,819","1,846","1,886","1,912","1,983","2,022","2,083","2,261","2,381","2,587",847,"1,450","2,427"
JAMAICA,Business and professional,62,63,64,68,68,67,68,73,71,78,84,101,104,109,101,103,106,100,96,97,101,98,92,92,94,34,15,51
JAPAN,Personal,"2,297","2,711","3,016","3,001","3,250","3,464","3,535","3,952","3,930","4,755","5,251","5,811","6,771","6,896","5,597","7,217","4,975","6,915","8,899","11,876","18,096","22,338","26,908","29,397","30,125","3,900",228,"3,410"
JAPAN,Business and professional,"1,048","1,126","1,202","1,105","1,187","1,293","1,236","1,287","1,281","1,383","1,477","1,523","1,576","1,455","1,193","1,395","1,244","1,443","1,465","1,537","1,641","1,702","1,783","1,795","1,757",216,18,422
JORDAN,Personal,..,..,..,..,..,..,..,..,..,..,"2,636","2,863","3,063","3,332","3,389","3,908","3,679","3,866","3,647","3,735","3,494","3,111","3,352","3,619","3,914",931,"1,756","3,734"
JORDAN,Business and professional,..,..,..,..,..,..,..,..,..,..,351,362,368,397,400,299,281,296,298,255,267,453,488,527,570,136,256,543
KAZAKHSTAN,Personal,..,..,..,..,..,..,..,"3,032","2,603","3,466","3,472","3,684","4,050","2,923","2,679","2,909","5,446","5,887","5,745","5,154","5,385","5,413","6,515","7,566","7,062","1,292",610,"3,791"
KAZAKHSTAN,Business and professional,..,..,..,..,..,..,..,646,634,825,893,"1,023","1,260","1,194","1,095","1,188",239,277,"1,096","1,179","1,045","1,097","1,187","1,223","1,453",743,720,938
KENYA,Personal,873,899,899,807,875,938,902,915,964,"1,115","1,273","1,375","1,575","1,094","1,310","1,343","1,513","1,420","1,261","1,122","1,022","1,160","1,250",..,..,..,622,"1,058"
KENYA,Business and professional,101,104,102,87,94,98,92,86,182,246,206,226,242,109,180,266,310,291,259,229,159,180,199,..,..,..,249,426
KIRIBATI,Personal,2.7,3.0,3.5,3.9,3.4,2.6,2.7,1.7,2.3,1.7,2.1,1.8,3.4,2.7,2.2,2.4,3.3,3.2,3.7,3.1,2.5,3.5,3.9,4.2,4.6,0.9,0.0,0.7
KIRIBATI,Business and professional,1.2,1.2,1.6,1.8,1.7,2.2,1.9,1.6,1.6,1.7,2.0,0.9,1.4,1.2,1.7,2.3,2.0,1.7,2.2,1.9,1.4,2.3,1.8,2.9,3.3,0.5,0.1,1.1
"KOREA, DEMOCRATIC PEOPLE´S REPUBLIC OF",Personal,..,..,..,..,..,..,..,..,..,..,..,..,..,..,..,..,..,..,..,..,..,..,..,..,..,..,..,..
"KOREA, DEMOCRATIC PEOPLE´S REPUBLIC OF",Business and professional,..,..,..,..,..,..,..,..,..,..,..,..,..,..,..,..,..,..,..,..,..,..,..,..,..,..,..,..
"KOREA, REPUBLIC OF",Personal,"3,535","3,465","3,696","4,068","4,473","5,118","4,934","5,123","4,521","5,551","5,718","5,807","6,089","6,529","7,506","8,487","9,524","10,895","11,848","13,886","12,988","17,003","13,104","15,110","17,250","2,473",927,"3,090"
"KOREA, REPUBLIC OF",Business and professional,218,219,212,182,187,203,213,225,231,267,304,348,359,362,312,311,271,245,328,315,244,239,232,237,253,46,40,108
KUWAIT,Personal,..,..,28,34,54,42,26,62,76,88,95,169,271,245,283,198,259,289,263,188,130,158,138,156,116,71,64,..
KUWAIT,Business and professional,..,..,51,43,30,37,47,34,18,2,10,16,21,15,14,9,10,11,43,10,52,45,45,44,37,15,21,..
KYRGYZSTAN,Personal,..,..,..,8,21,34,70,..,..,..,..,..,..,..,..,..,..,..,..,..,..,..,..,..,..,..,..,..
KYRGYZSTAN,Business and professional,..,..,..,51,27,25,28,..,..,..,..,..,..,..,..,..,..,..,..,..,..,..,..,..,..,..,..,..
LAO PEOPLE´S DEMOCRATIC REPUBLIC,Personal,..,266,334,360,..,..,594,..,547,841,"1,029",996,"1,445","1,459","1,707","2,061","2,591","3,081","3,450","3,901","4,408","3,773","3,246","3,697","4,101",..,..,..
LAO PEOPLE´S DEMOCRATIC REPUBLIC,Business and professional,..,137,129,140,..,..,80,..,89,54,66,219,179,278,301,452,133,249,329,258,276,466,623,490,690,..,..,..
LATVIA,Personal,..,"1,321","1,426","1,396","1,382","1,484","1,605","1,815","2,061","2,567","3,333","4,048","4,485","4,618","4,075","4,335","4,741","4,819","5,106","5,503","6,023","6,089","6,964","7,081","7,632","2,864","1,776",..
LATVIA,Business and professional,..,392,398,405,336,430,434,458,409,466,441,596,724,878,651,707,797,750,715,743,819,708,762,694,711,340,161,..
LEBANON,Personal,..,..,..,..,..,..,..,..,..,..,..,..,..,..,..,..,..,..,..,..,..,..,..,..,..,..,..,..
LEBANON,Business and professional,..,..,..,..,..,..,..,..,..,..,..,..,..,..,..,..,..,..,..,..,..,..,..,..,..,..,..,..
LESOTHO,Personal,183,241,259,244,262,256,250,244,275,246,244,..,254,254,304,374,347,373,387,..,..,909,..,..,..,..,..,..
LESOTHO,Business and professional,26,71,53,46,46,45,44,43,54,57,60,..,46,39,40,52,51,50,46,..,..,288,..,..,..,..,..,..
LIBERIA,Personal,..,..,..,..,..,..,..,..,..,..,..,..,..,..,..,..,..,..,..,..,..,..,..,..,..,..,..,..
LIBERIA,Business and professional,..,..,..,..,..,..,..,..,..,..,..,..,..,..,..,..,..,..,..,..,..,..,..,..,..,..,..,..
LIBYA,Personal,866,450,286,256,127,124,111,97,102,..,..,..,..,..,..,..,..,..,..,..,..,..,..,..,..,..,..,..
LIBYA,Business and professional,966,826,627,594,51,50,58,38,40,..,..,..,..,..,..,..,..,..,..,..,..,..,..,..,..,..,..,..
LIECHTENSTEIN,Personal,..,..,..,..,..,..,..,..,..,..,..,..,..,..,..,..,..,..,..,..,..,..,..,..,..,..,..,..
LIECHTENSTEIN,Business and professional,..,..,..,..,..,..,..,..,..,..,..,..,..,..,..,..,..,..,..,..,..,..,..,..,..,..,..,..
LITHUANIA,Personal,..,475,664,"1,122","1,086",746,999,"1,102","1,155","1,392","1,500","1,640","1,062","1,051",856,"1,052","1,248","1,352","1,435","1,453","1,455","1,657","1,807","2,036","2,147",725,735,"1,587"
LITHUANIA,Business and professional,..,357,348,294,336,337,272,326,335,408,500,540,424,560,485,455,527,547,577,610,616,639,716,788,728,212,213,581
LUXEMBOURG,Personal,..,..,..,..,..,..,..,..,..,..,..,..,..,..,..,..,713,760,744,799,844,..,..,..,..,..,..,..
LUXEMBOURG,Business and professional,..,..,..,..,..,..,..,..,..,..,..,..,..,..,..,..,157,190,200,239,246,..,..,..,..,..,..,..
"MACAO, CHINA",Personal,..,..,..,..,..,..,..,..,..,..,..,..,..,..,..,..,..,..,..,..,..,..,..,..,..,..,..,..
"MACAO, CHINA",Business and professional,..,..,..,..,..,..,..,..,..,..,..,..,..,..,..,..,..,..,..,..,..,..,..,..,..,..,..,..
MADAGASCAR,Personal,53,59,71,86,98,131,129,47,115,158,197,222,245,267,130,161,185,210,159,182,192,235,215,258,343,65,7,..
MADAGASCAR,Business and professional,22,24,29,35,40,29,41,15,25,71,80,90,99,108,33,35,40,46,37,41,53,59,41,33,40,3,1,..
MALAWI,Personal,109,110,117,114,132,103,122,177,215,219,210,326,429,370,373,311,307,284,320,240,216,236,264,275,556,39,126,..
MALAWI,Business and professional,83,84,89,106,122,124,144,206,209,208,227,312,305,372,382,435,460,487,475,579,589,613,573,596,421,159,305,..
MALAYSIA,Personal,"6,438","6,200","5,354","4,644","6,770","8,554","10,530","10,484","8,456","12,483","12,361","13,932","17,986","18,921",..,..,..,..,..,..,..,..,..,..,..,..,..,..
MALAYSIA,Business and professional,684,576,505,559,713,"1,055","1,532","2,160","1,629","2,168","2,283","2,304","2,987","3,131",..,..,..,..,..,..,..,..,..,..,..,..,..,..
MALDIVES,Personal,315,339,366,396,430,467,461,485,564,617,395,602,676,683,656,792,931,958,"1,125","1,205","1,234","1,286","1,390","1,484","1,703",555,"1,322","1,675"
MALDIVES,Business and professional,..,..,..,..,..,..,..,..,..,..,..,..,..,..,..,..,..,..,..,..,..,..,..,..,..,..,..,..
MALI,Personal,..,..,..,..,..,..,..,..,..,..,..,..,..,116,64,107,90,92,93,119,114,164,138,..,155,69,159,..
MALI,Business and professional,..,..,..,..,..,..,..,..,..,..,..,..,..,74,96,62,70,42,49,50,45,10,56,..,62,6,9,..
MALTA,Personal,..,..,..,..,..,..,..,..,"1,001","1,041","1,057","1,002","1,145","1,178","1,073","1,221","1,297","1,328","1,464","1,560","1,657","1,829","2,093","2,418","2,564",608,905,"2,132"
MALTA,Business and professional,..,..,..,..,..,..,..,..,88,87,95,102,99,112,109,118,118,115,118,130,127,137,181,180,189,50,63,154
MARSHALL ISLANDS,Personal,3.4,3.7,3.9,4.5,2.6,2.9,3.5,3.8,5.0,6.0,6.1,3.8,4.9,3.9,3.2,2.3,2.5,..,..,3.6,4.0,3.2,3.4,..,..,..,..,..
MARSHALL ISLANDS,Business and professional,2.1,2.5,2.5,1.9,2.0,2.3,1.9,2.2,2.2,3.0,3.1,2.0,2.3,2.1,2.1,2.3,2.1,..,..,1.3,2.3,2.2,2.6,..,..,..,..,..
MARTINIQUE,Personal,412,426,439,485,488,452,394,403,400,410,405,445,421,409,377,421,456,432,451,433,..,..,454,458,492,266,247,516
MARTINIQUE,Business and professional,45,51,74,64,76,74,66,44,53,61,79,58,80,72,65,57,40,56,39,56,..,..,81,79,64,47,44,41
MAURITANIA,Personal,..,..,..,..,..,..,..,..,..,..,..,..,..,..,..,..,..,..,..,..,..,..,..,..,..,..,..,..
MAURITANIA,Business and professional,..,..,..,..,..,..,..,..,..,..,..,..,..,..,..,..,..,..,..,..,..,..,..,..,..,..,..,..
MAURITIUS,Personal,420,489,535,554,573,652,648,681,690,708,751,774,898,933,861,920,942,942,971,"1,020","1,126","1,257","1,319","1,373","1,362",305,174,975
MAURITIUS,Business and professional,17,21,23,25,27,27,27,29,31,30,30,33,35,38,29,36,41,43,43,45,48,50,53,58,56,11,7,29
MEXICO,Personal,"19,541","20,593","18,577","18,847","18,520","20,057","19,201","19,034","18,126","20,033","21,129","20,578","20,742","22,138","21,663","22,480","22,568","22,472","23,087","28,092","30,702","33,451","37,355","39,310","43,134","23,785","31,287","37,183"
MEXICO,Business and professional,700,802,774,545,523,584,609,632,539,586,786,775,864,792,683,809,835,931,"1,064","1,254","1,391","1,628","1,936","2,002","1,891",498,574,"1,142"
"MICRONESIA, FEDERATED STATES OF",Personal,..,16.0,15.0,12.0,14.0,18.0,12.5,15.4,14.4,14.9,14.6,14.6,15.6,20.6,42.3,38.9,29.2,32.5,36.4,30.0,25.2,23.4,..,12.2,..,..,..,..
"MICRONESIA, FEDERATED STATES OF",Business and professional,..,2.0,2.0,2.0,2.0,3.0,2.7,3.7,3.8,4.4,4.3,4.5,5.5,5.1,5.2,5.8,6.2,5.8,5.7,5.4,6.0,6.2,..,7.0,..,..,..,..
"MOLDOVA, REPUBLIC OF",Personal,..,..,..,..,..,..,..,..,..,..,..,..,..,..,..,..,..,..,..,..,..,..,..,..,..,..,..,..
"MOLDOVA, REPUBLIC OF",Business and professional,..,..,..,..,..,..,..,..,..,..,..,..,..,..,..,..,..,..,..,..,..,..,..,..,..,..,..,..
MONACO,Personal,157,161,174,194,201,196,188,183,178,192,219,244,251,251,213,220,235,235,268,272,258,259,267,257,265,135,188,258
MONACO,Business and professional,76,65,85,84,77,104,82,79,57,59,67,69,77,73,52,59,60,57,60,57,73,77,88,90,98,24,31,69
MONGOLIA,Personal,..,..,..,..,137,136,166,201,163,228,253,322,349,361,324,336,323,321,280,261,292,325,415,475,525,39,22,259
MONGOLIA,Business and professional,..,..,..,..,18,18,22,28,39,73,86,83,103,85,88,120,137,155,137,132,95,79,54,54,53,20,11,28
MONTENEGRO,Personal,..,..,..,..,..,..,..,..,..,..,..,..,..,..,..,..,..,..,..,..,..,..,..,..,..,..,..,..
MONTENEGRO,Business and professional,..,..,..,..,..,..,..,..,..,..,..,..,..,..,..,..,..,..,..,..,..,..,..,..,..,..,..,..
MONTSERRAT,Personal,14.0,7.0,4.0,..,..,..,8.0,8.3,7.0,8.3,7.8,6.7,6.3,5.5,4.8,4.6,4.0,6.2,6.0,7.7,7.8,7.4,8.1,9.0,9.4,4.2,1.4,..
MONTSERRAT,Business and professional,4.0,2.0,1.0,..,..,..,1.8,1.5,1.4,1.8,1.9,1.3,1.5,1.9,1.5,1.4,1.4,1.1,1.2,1.1,1.1,1.3,1.4,1.2,1.0,0.3,0.2,..
MOROCCO,Personal,"2,394","2,477","2,826","2,847","3,511","3,992","4,086","4,347","4,651","5,347","5,700","6,393",..,..,"7,882","8,891","9,083",..,"9,547","9,766","9,426","9,586","10,086","10,943","11,516",..,..,..
MOROCCO,Business and professional,208,216,246,248,305,287,293,106,110,130,143,165,..,..,459,397,259,..,499,517,750,746,"1,263","1,346","1,417",..,..,..
MOZAMBIQUE,Personal,..,..,..,..,..,..,179,331,254,216,303,354,420,979,"1,030","1,313","1,283","1,675","1,575","1,487","1,443","1,531","1,351","2,562","1,831",851,497,..
MOZAMBIQUE,Business and professional,..,..,..,..,..,..,144,210,187,254,275,310,351,214,431,405,618,437,312,264,191,184,163,308,202,108,52,..
MYANMAR,Personal,155,447,449,443,397,379,438,450,552,617,624,594,681,692,715,735,733,928,"1,873","2,867","4,468","2,662","3,201","3,302","4,082",829,118,189
MYANMAR,Business and professional,39,43,42,35,37,37,37,37,44,40,36,36,35,39,48,57,83,131,171,215,213,245,242,249,282,74,13,44
NAMIBIA,Personal,..,397,432,516,..,..,521,704,597,..,677,731,839,..,..,843,904,931,"1,029","1,153","1,209","1,246","1,294","1,366","1,399",137,166,391
NAMIBIA,Business and professional,..,64,70,98,..,..,150,53,98,..,101,102,89,..,..,141,123,148,147,167,179,224,206,192,197,33,66,70
NAURU,Personal,..,..,..,..,..,..,..,..,..,..,..,..,..,..,..,..,..,..,..,..,..,..,..,..,..,..,..,..
NAURU,Business and professional,..,..,..,..,..,..,..,..,..,..,..,..,..,..,..,..,..,..,..,..,..,..,..,..,..,..,..,..
NEPAL,Personal,316,342,365,412,438,408,324,240,297,354,337,345,472,427,453,546,683,734,712,720,488,695,940,"1,173","1,197",230,151,615
NEPAL,Business and professional,47,51,57,52,54,56,37,35,41,31,39,39,54,73,57,57,53,69,86,70,51,58,..,..,..,..,..,..
NETHERLANDS,Personal,..,..,..,..,"6,928",..,..,..,..,..,..,..,..,..,..,..,..,..,..,..,..,..,..,..,..,..,..,..
NETHERLANDS,Business and professional,..,..,..,..,"2,946",..,..,..,..,..,..,..,..,..,..,..,..,..,..,..,..,..,..,..,..,..,..,..
NEW CALEDONIA,Personal,77,82,99,97,91,101,93,95,95,89,89,86,86,84,81,80,92,94,90,92,99,102,107,106,114,27,10,69
NEW CALEDONIA,Business and professional,9,9,10,11,11,13,13,15,13,11,12,14,17,20,18,19,20,18,18,15,15,14,14,14,17,4,2,9
NEW ZEALAND,Personal,"1,227","1,335","1,297","1,273","1,380","1,552","1,662","1,793","1,842","2,031","2,047","2,081","2,125","2,136","2,118","2,148","2,236","2,202","2,342","2,476","2,731","3,073","3,284","3,411","3,390",895,185,"1,290"
NEW ZEALAND,Business and professional,182,194,200,212,227,235,247,252,262,303,319,328,330,312,330,363,358,353,368,378,399,422,439,446,499,102,22,144
NICARAGUA,Personal,122,83,110,142,161,203,185,211,204,438,574,609,656,701,792,875,936,954,960,"1,044","1,102","1,207","1,372","1,041","1,074",347,199,748
NICARAGUA,Business and professional,159,220,248,264,307,282,298,261,322,176,138,140,144,157,140,136,124,225,269,286,284,298,416,215,222,37,24,70
NIGER,Personal,23,30,36,20,21,23,25,18,26,26,30,29,23,36,32,36,40,46,61,67,67,76,82,79,96,43,..,..
NIGER,Business and professional,12,8,8,22,23,27,28,21,29,31,28,31,25,37,34,38,42,48,63,67,67,76,82,79,96,43,..,..
NIGERIA,Personal,..,411,305,370,388,406,424,442,460,479,503,"1,528","3,367","3,689","4,011","2,384","1,977","2,341","3,224","3,238","4,311","3,671",..,..,..,..,..,..
NIGERIA,Business and professional,..,411,306,369,388,407,426,445,464,483,507,"1,527","1,872","2,131","2,042","3,729","1,788","2,333",813,"1,565","1,706","1,594",..,..,..,..,..,..
NIUE,Personal,1.7,1.1,1.3,1.3,1.4,1.4,1.1,1.7,2.3,1.7,2.1,2.6,3.0,3.6,3.7,5.0,..,..,..,..,6.6,7.7,8.6,..,..,..,..,..
NIUE,Business and professional,0.5,0.4,0.5,0.4,0.5,0.5,0.3,0.4,0.4,0.8,0.7,0.4,0.4,1.1,1.0,1.2,..,..,..,..,1.1,1.2,1.2,..,..,..,..,..
NORTH MACEDONIA,Personal,..,..,..,..,..,..,..,..,..,..,..,..,..,..,..,..,..,..,..,..,..,..,..,..,..,..,..,..
NORTH MACEDONIA,Business and professional,..,..,..,..,..,..,..,..,..,..,..,..,..,..,..,..,..,..,..,..,..,..,..,..,..,..,..,..
NORTHERN MARIANA ISLANDS,Personal,669,725,687,480,502,529,444,476,459,536,507,436,389,397,354,379,341,401,439,460,479,531,660,518,487,89,13,97
NORTHERN MARIANA ISLANDS,Business and professional,7,11,8,10,..,..,..,..,..,..,..,..,..,..,..,..,..,..,..,..,..,..,..,..,..,..,..,..
NORWAY,Personal,..,..,..,"2,467","2,427","2,327","2,297","2,373","2,520","2,780","2,913","3,101","3,296","3,212","3,375","3,703","3,867",..,..,..,..,..,..,..,..,..,..,..
NORWAY,Business and professional,..,..,..,789,796,777,776,738,749,848,911,970,"1,082","1,135",971,"1,064","1,096",..,..,..,..,..,..,..,..,..,..,..
OMAN,Personal,..,..,..,..,..,..,943,948,997,"1,109",938,"1,158","1,164","1,268","1,355","1,271","1,163","1,393","1,562","1,822","2,150","2,647","2,631","2,892","3,095",769,573,"2,612"
OMAN,Business and professional,..,..,..,..,..,..,152,164,213,298,164,227,195,271,229,229,230,321,360,404,484,560,547,350,411,99,78,308
PAKISTAN,Personal,268,264,273,319,324,418,373,371,374,483,595,670,627,614,638,594,793,633,..,..,..,..,..,..,..,..,..,..
PAKISTAN,Business and professional,110,105,102,110,108,139,127,127,127,165,203,228,213,209,217,313,368,333,..,..,..,..,..,..,..,..,..,..
PALAU,Personal,51,66,71,60,52,54,51,55,60,85,76,78,84,76,68,82,106,116,102,139,160,138,123,106,94,18,..,..
PALAU,Business and professional,2,3,3,4,3,3,3,3,3,4,4,4,4,3,4,3,3,3,3,2,2,..,..,..,..,..,..,..
PANAMA,Personal,190,179,204,204,218,228,251,268,286,302,347,426,579,643,620,674,744,830,"1,367","1,431","1,857","1,789","1,524","1,533","1,530",387,626,"1,241"
PANAMA,Business and professional,111,129,140,139,141,147,142,141,164,174,199,245,333,401,388,422,465,519,160,179,84,68,227,223,225,34,40,280
PAPUA NEW GUINEA,Personal,21,29,28,30,25,21,20,20,21,22,24,28,34,42,38,41,45,47,50,62,72,71,79,94,94,7,2,18
PAPUA NEW GUINEA,Business and professional,21,32,38,37,42,37,34,33,35,37,45,50,70,78,87,104,120,128,132,130,127,127,102,101,117,32,15,52
PARAGUAY,Personal,366,356,345,284,218,257,248,223,239,276,304,345,370,381,347,368,414,457,482,513,960,"1,034","1,251",957,985,204,77,469
PARAGUAY,Business and professional,72,70,50,66,51,31,30,27,29,33,37,43,46,47,92,97,110,122,128,136,255,275,333,224,231,48,18,110
PERU,Personal,457,558,614,703,669,989,990,"1,025","1,094","1,315","1,530","1,676","1,867","2,004","2,085","2,240","2,531","2,772","3,082","3,132","3,366","3,648","3,924","4,304","4,258",873,433,"1,951"
PERU,Business and professional,22,26,35,68,58,68,38,39,42,35,41,45,49,53,55,59,67,74,82,83,89,97,108,115,114,24,11,59
PHILIPPINES,Personal,"1,428","1,601","1,706","1,650","1,684","1,571","1,440","1,569","1,572","1,916","2,221","2,398","2,591","2,620","2,552","3,267","3,481","3,757","4,131","4,275","4,805","5,408","6,038","6,514","7,748","1,410",151,"1,679"
PHILIPPINES,Business and professional,312,418,472,442,445,393,330,336,308,344,366,409,451,465,408,194,403,481,506,498,486,487,469,427,352,47,13,161
POLAND,Personal,"15,375","13,050","12,510","13,600","13,430","12,550","10,760","9,930","9,620","10,345","10,960","11,430","10,890","9,170","8,320","9,100","9,590","10,680","11,850","12,724","12,664","13,295","13,730","14,700","16,122","6,384","7,305","12,383"
POLAND,Business and professional,"3,840","6,360","7,010","5,180","4,520","4,850","4,240","4,050","4,100","3,945","4,240","4,240","4,085","3,790","3,570","3,370","3,760","4,160","3,950","3,276","4,064","4,176","4,528","4,922","5,036","2,034","2,417","3,564"
PORTUGAL,Personal,"8,009","8,066","8,219","9,431","9,434",..,..,..,..,"17,893","17,864","19,033",..,..,..,..,..,..,..,..,..,..,..,..,..,..,..,..
PORTUGAL,Business and professional,"1,502","1,664","1,953","1,864","2,198",..,..,..,..,"3,272","3,308","3,555",..,..,..,..,..,..,..,..,..,..,..,..,..,..,..,..
PUERTO RICO,Personal,..,..,..,..,..,..,..,..,..,..,..,..,..,..,..,..,..,..,..,..,..,..,..,..,..,..,..,..
PUERTO RICO,Business and professional,..,..,..,..,..,..,..,..,..,..,..,..,..,..,..,..,..,..,..,..,..,..,..,..,..,..,..,..
QATAR,Personal,..,..,..,..,..,..,..,..,..,..,..,..,..,..,..,..,..,..,..,..,..,..,..,..,..,..,..,..
QATAR,Business and professional,..,..,..,..,..,..,..,..,..,..,..,..,..,..,..,..,..,..,..,..,..,..,..,..,..,..,..,..
REUNION,Personal,276,317,337,368,353,386,380,381,388,378,362,232,329,346,381,380,428,404,380,361,377,406,455,489,493,203,229,455
REUNION,Business and professional,28,30,33,32,41,44,44,45,44,52,47,47,52,50,41,40,43,43,36,45,50,52,53,45,41,14,22,41
ROMANIA,Personal,"5,295","5,011","4,966","4,649",..,..,..,..,..,..,..,..,..,..,..,..,..,..,..,..,..,..,..,..,..,..,..,..
ROMANIA,Business and professional,150,194,183,182,..,..,..,..,..,..,..,..,..,..,..,..,..,..,..,..,..,..,..,..,..,..,..,..
RUSSIAN FEDERATION,Personal,"7,391","11,394","14,088","13,177","14,811","17,951","18,567","20,295","19,953","19,341","18,975","19,252","19,639","19,564","17,459","17,849","19,457","21,976","24,975","26,158","26,212",..,..,..,..,..,..,..
RUSSIAN FEDERATION,Business and professional,"2,899","4,814","3,375","3,011","4,009","3,218","3,028","3,014","2,568","2,723","3,226","3,234","3,270","4,112","3,880","4,432","5,475","6,201","5,817","6,263","7,517",..,..,..,..,..,..,..
RWANDA,Personal,..,..,..,..,..,..,..,..,..,..,..,276,334,326,330,359,513,647,703,824,889,"1,052","1,088","1,303","1,216",302,169,..
RWANDA,Business and professional,..,..,..,..,..,..,..,..,..,..,..,255,276,342,333,307,395,415,419,395,410,325,482,408,417,196,342,..
SABA,Personal,..,..,..,..,..,..,..,..,..,..,..,..,..,..,..,..,..,..,..,..,..,..,..,..,..,..,..,..
SABA,Business and professional,..,..,..,..,..,..,..,..,..,..,..,..,..,..,..,..,..,..,..,..,..,..,..,..,..,..,..,..
SAINT KITTS AND NEVIS,Personal,74,78,82,86,78,..,64,..,..,..,..,..,..,..,70,83,89,89,91,95,..,..,..,106,99,26,18,..
SAINT KITTS AND NEVIS,Business and professional,5,6,6,7,5,..,7,..,..,..,..,..,..,..,13,15,15,15,16,18,..,..,..,20,21,4,2,..
SAINT LUCIA,Personal,223,226,237,242,253,256,..,..,264,286,302,290,277,283,263,292,292,291,303,324,333,337,371,379,408,128,195,351
SAINT LUCIA,Business and professional,8,10,11,10,11,14,..,..,13,12,16,12,11,13,15,14,20,16,15,14,12,11,15,16,16,3,4,5
SAINT VINCENT AND THE GRENADINES,Personal,54,52,57,60,60,..,..,65,65,70,75,81,75,70,60,58,60,61,59,58,62,65,63,66,67,23,21,51
SAINT VINCENT AND THE GRENADINES,Business and professional,6,6,8,7,8,..,..,13,14,17,21,17,15,14,15,14,14,13,13,13,13,14,14,14,17,4,4,8
SAMOA,Personal,60,64,60,69,74,76,77,79,82,87,92,104,110,112,118,118,117,102,113,118,127,134,143,163,168,23,3,47
SAMOA,Business and professional,8,9,8,9,11,11,11,10,10,11,10,12,12,10,11,12,11,33,12,13,12,12,14,10,13,1,..,3
SAN MARINO,Personal,..,..,..,..,..,..,..,..,..,..,"1,412","1,436","1,579","1,500","1,028","1,087","1,780","1,271","1,294","1,392","1,416",..,..,..,..,..,..,..
SAN MARINO,Business and professional,..,..,..,..,..,..,..,..,..,..,695,700,584,612,"1,028",889,258,598,612,612,472,..,..,..,..,..,..,..
SAO TOME AND PRINCIPE,Personal,3.3,3.7,3.6,..,..,..,7.0,..,..,..,14.7,11.7,10.8,13.9,14.8,7.0,10.9,..,..,..,19.9,25.7,23.6,29.2,..,..,9.9,..
SAO TOME AND PRINCIPE,Business and professional,2.9,2.7,1.2,..,..,..,0.6,..,..,..,1.1,0.6,1.0,0.6,0.4,1.0,1.3,..,..,..,5.7,3.2,5.3,4.2,..,..,5.2,..
SAUDI ARABIA,Personal,"4,400",..,..,..,..,"5,607",..,..,..,"6,218","6,086","7,017","8,871","11,097","9,292","8,190","12,266","13,508","14,296","15,576","16,114","14,038","13,414","12,884","14,361","3,366","2,464","14,971"
SAUDI ARABIA,Business and professional,..,..,..,..,..,688,..,..,..,"2,381","1,951","1,603","2,659","3,660","1,604","2,660","1,912","2,824","1,476","2,684","1,881","4,007","2,695","2,451","3,165",772,"1,013","1,667"
SENEGAL,Personal,..,..,..,..,..,..,..,..,..,..,..,..,..,..,..,..,..,..,..,742,775,932,"1,051",..,..,..,..,..
SENEGAL,Business and professional,..,..,..,..,..,..,..,..,..,..,..,..,..,..,..,..,..,..,..,222,232,278,314,..,..,..,..,..
SERBIA,Personal,..,..,..,..,..,..,..,..,..,..,..,..,..,..,..,..,..,..,..,..,..,..,..,..,..,..,..,..
SERBIA,Business and professional,..,..,..,..,..,..,..,..,..,..,..,..,..,..,..,..,..,..,..,..,..,..,..,..,..,..,..,..
SERBIA AND MONTENEGRO,Personal,..,..,..,..,..,..,..,..,..,..,..,..,..,..,..,..,..,..,..,..,..,..,..,..,..,..,..,..
SERBIA AND MONTENEGRO,Business and professional,..,..,..,..,..,..,..,..,..,..,..,..,..,..,..,..,..,..,..,..,..,..,..,..,..,..,..,..
SEYCHELLES,Personal,111,125,124,122,118,124,124,125,116,114,122,134,153,149,147,165,187,202,222,224,266,294,341,352,376,113,181,326
SEYCHELLES,Business and professional,10,6,6,6,7,6,6,7,6,7,7,7,8,10,10,10,7,6,8,9,10,9,9,10,9,2,2,6
SIERRA LEONE,Personal,8,11,4,7,7,10,15,17,18,29,26,21,21,23,21,22,28,30,39,21,13,27,32,34,37,17,26,..
SIERRA LEONE,Business and professional,6,11,3,6,4,6,10,11,20,15,14,13,11,13,16,17,24,30,42,22,11,26,19,22,27,8,14,..
SINGAPORE,Personal,"5,816","5,907","5,618","4,857","5,435","5,976","5,922","6,000","4,828","5,996","6,394","6,865","7,117","7,051","7,068","8,467","9,946","11,094","11,951","11,893","12,308","13,943","14,961","15,891","16,656",..,..,..
SINGAPORE,Business and professional,"1,321","1,385","1,579","1,385","1,523","1,715","1,601","1,567","1,299","2,332","2,549","2,886","3,168","3,066","2,614","3,175","3,226","3,402","3,617","3,202","2,923","2,461","2,464","2,617","2,461",..,..,..
SINT EUSTATIUS,Personal,..,..,..,..,..,..,..,..,..,..,..,..,..,..,..,..,..,..,..,..,..,..,..,..,..,..,..,..
SINT EUSTATIUS,Business and professional,..,..,..,..,..,..,..,..,..,..,..,..,..,..,..,..,..,..,..,..,..,..,..,..,..,..,..,..
SINT MAARTEN (DUTCH PART),Personal,..,..,..,..,..,..,..,..,..,..,..,..,..,..,..,..,..,..,..,..,..,..,..,..,..,..,..,..
SINT MAARTEN (DUTCH PART),Business and professional,..,..,..,..,..,..,..,..,..,..,..,..,..,..,..,..,..,..,..,..,..,..,..,..,..,..,..,..
SLOVAKIA,Personal,..,..,..,..,..,..,..,..,..,..,..,..,..,..,..,..,..,..,..,..,..,..,..,..,..,..,..,..
SLOVAKIA,Business and professional,..,..,..,..,..,..,..,..,..,..,..,..,..,..,..,..,..,..,..,..,..,..,..,..,..,..,..,..
SLOVENIA,Personal,637,716,818,821,743,899,"1,006","1,074","1,100","1,201","1,245","1,303","1,411","1,578","1,580","1,775","1,937","2,169","2,283","2,442","2,607","2,930","3,442","3,817","4,142","1,071","1,686","3,621"
SLOVENIA,Business and professional,95,116,156,156,141,191,213,228,273,298,309,314,340,380,244,274,300,207,218,234,415,467,548,608,560,145,147,315
SOLOMON ISLANDS,Personal,..,..,..,..,..,3,..,..,4,3,3,6,8,10,11,12,14,16,16,13,15,17,19,21,22,3.4,..,..
SOLOMON ISLANDS,Business and professional,..,..,..,..,..,3,..,..,3,2,..,5,6,7,8,9,9,8,8,7,7,7,7,7,7,1.0,..,..
SOMALIA,Personal,..,..,..,..,..,..,..,..,..,..,..,..,..,..,..,..,..,..,..,..,..,..,..,..,..,..,..,..
SOMALIA,Business and professional,..,..,..,..,..,..,..,..,..,..,..,..,..,..,..,..,..,..,..,..,..,..,..,..,..,..,..,..
SOUTH AFRICA,Personal,"3,837","4,253","4,330","5,004","5,263","5,243","5,231","5,890","6,099","6,317","7,034","8,072","8,781","9,297","6,815","7,743","8,072","8,895","9,265","9,142","8,503","9,707","9,951","10,156","9,953","2,692","2,062","5,435"
SOUTH AFRICA,Business and professional,651,661,646,728,627,629,556,540,406,361,335,324,310,295,197,331,267,293,272,407,400,338,334,316,275,111,194,263
SOUTH SUDAN,Personal,..,..,..,..,..,..,..,..,..,..,..,..,..,..,..,..,..,..,..,..,..,..,..,..,..,..,..,..
SOUTH SUDAN,Business and professional,..,..,..,..,..,..,..,..,..,..,..,..,..,..,..,..,..,..,..,..,..,..,..,..,..,..,..,..
SPAIN,Personal,..,..,"34,310","37,860","40,680","41,103","44,081","45,456","46,130","47,144","49,989","53,090","53,391","51,921","47,842","48,302","52,062","53,490","56,604","60,625","63,196","69,611","76,162","77,172","77,397","17,368","28,911","66,707"
SPAIN,Business and professional,..,..,"2,822","4,032","4,760","5,300","4,484","4,875","4,724","5,286","5,924","4,915","5,275","5,271","4,336","4,375","4,115","3,974","4,071","4,313","4,979","5,704","5,707","5,637","6,113","1,566","2,270","4,953"
SRI LANKA,Personal,389,291,353,362,413,381,314,351,445,492,444,443,437,395,403,564,773,893,"1,180","1,496","1,760","1,992","2,010","2,199","1,688",488,189,673
SRI LANKA,Business and professional,15,11,14,19,23,19,23,42,56,74,105,116,57,43,45,90,83,112,94,31,38,59,106,135,226,20,5,47
STATE OF PALESTINE,Personal,..,795,685,767,907,"1,055",..,..,..,..,..,..,..,..,..,..,..,..,..,..,..,..,..,..,..,..,..,..
STATE OF PALESTINE,Business and professional,..,..,..,..,..,..,..,..,..,..,..,..,..,..,..,..,..,..,..,..,..,..,..,..,..,..,..,..
SUDAN,Personal,..,..,..,29,31,30,40,..,..,..,185,252,336,339,323,396,429,443,455,506,549,591,601,619,..,..,..,..
SUDAN,Business and professional,..,..,..,7,8,8,10,..,..,..,61,76,100,101,97,99,107,132,136,178,192,208,211,217,..,..,..,..
SURINAME,Personal,40,49,57,51,53,54,51,57,70,123,145,138,150,135,136,185,197,217,224,229,209,..,..,..,..,..,..,..
SURINAME,Business and professional,3,4,4,4,4,3,3,3,12,14,16,16,17,16,15,19,23,23,25,23,19,..,..,..,..,..,..,..
SWEDEN,Personal,..,..,..,..,..,..,"4,651","5,043","5,109",..,..,..,..,..,..,..,"16,565","16,555","15,441","16,754",..,..,..,..,..,..,..,..
SWEDEN,Business and professional,..,..,..,..,..,..,"2,781","2,414","2,518",..,..,..,..,..,..,..,"2,840","3,456","3,362","3,191",..,..,..,..,..,..,..,..
SWITZERLAND,Personal,..,..,..,..,..,..,..,..,..,..,..,..,..,..,..,..,..,..,..,..,..,..,..,..,..,..,..,..
SWITZERLAND,Business and professional,..,..,..,..,..,..,..,..,..,..,..,..,..,..,..,..,..,..,..,..,..,..,..,..,..,..,..,..
SYRIAN ARAB REPUBLIC,Personal,"2,156","2,325","2,174","2,264","2,382","2,615","3,026","3,875","3,980","5,828","5,390","5,227","5,000","6,394","6,117","9,015",..,..,..,..,..,..,..,..,..,..,..,..
SYRIAN ARAB REPUBLIC,Business and professional,97,110,158,200,300,400,300,398,408,507,469,455,435,556,539,442,..,..,..,..,..,..,..,..,..,..,..,..
TAIWAN PROVINCE OF CHINA,Personal,"1,628","1,600","1,568","1,474","1,547","1,661","1,916","2,045","1,469","1,949","2,345","2,479","2,685","2,859","3,475","4,479","4,958","6,276","6,935","9,007","9,547","9,810","9,839","10,161","10,943","1,273",121,778
TAIWAN PROVINCE OF CHINA,Business and professional,704,758,804,825,864,963,915,933,779,"1,001","1,033","1,041","1,031",986,919,"1,088","1,129","1,035","1,081",903,893,881,900,906,921,105,20,118
TAJIKISTAN,Personal,..,..,..,3.2,4.5,7.7,5.2,..,..,..,..,..,..,..,..,..,..,242,206,182,392,316,397,"1,029",..,..,..,..
TAJIKISTAN,Business and professional,..,..,..,..,..,..,..,..,..,..,..,..,..,..,..,..,..,2,2,31,22,29,35,5,..,..,..,..
"TANZANIA, UNITED REPUBLIC OF",Personal,236,261,279,354,494,372,373,460,443,500,528,573,661,733,685,727,821,"1,021","1,030","1,072","1,061","1,217","1,269","1,430","1,462",601,934,..
"TANZANIA, UNITED REPUBLIC OF",Business and professional,59,65,81,128,133,130,152,115,133,83,85,71,57,37,29,56,47,56,66,68,76,67,58,76,65,20,93,..
THAILAND,Personal,"6,256","6,383","6,400","6,961","7,719","8,536","9,047","9,827","9,019","10,477","9,972","11,845","12,647","13,201","12,267","13,670","17,265","20,179","24,206",..,..,..,"33,959","36,122","37,873","6,483",466,..
THAILAND,Business and professional,695,809,823,804,862,973,"1,014",972,985,"1,174","1,545","1,976","1,817","1,383","1,883","2,266","1,965","2,175","2,341",..,..,..,"1,633","2,057","2,044",242,44,..
TIMOR-LESTE,Personal,..,..,..,..,..,..,..,..,..,..,..,..,..,..,..,..,..,..,..,..,..,..,..,..,..,..,..,..
TIMOR-LESTE,Business and professional,..,..,..,..,..,..,..,..,..,..,..,..,..,..,..,..,..,..,..,..,..,..,..,..,..,..,..,..
TOGO,Personal,..,..,..,..,..,..,..,..,..,..,..,..,..,..,..,..,..,..,..,..,126,154,183,328,369,..,..,..
TOGO,Business and professional,..,..,..,..,..,..,..,..,..,..,..,..,..,..,..,..,..,..,..,..,123,184,331,245,507,..,..,..
TONGA,Personal,24,21,23,21,26,27,26,36,36,..,..,..,..,46,43,43,41,43,43,45,50,54,58,50,64,8.6,0.2,17.7
TONGA,Business and professional,5,6,3,6,5,8,6,1,3,..,..,..,..,4,3,5,5,5,5,6,4,5,5,4,4,0.4,..,0.7
TRINIDAD AND TOBAGO,Personal,209,217,259,273,297,331,314,312,330,357,374,369,364,348,329,314,328,350,369,320,347,320,312,294,307,79,32,191
TRINIDAD AND TOBAGO,Business and professional,50,48,65,60,61,68,69,72,79,86,89,92,85,89,90,74,103,105,65,93,93,90,83,82,82,16,9,35
TUNISIA,Personal,..,..,..,..,..,..,..,..,..,..,..,..,..,..,..,..,..,..,..,..,..,..,..,..,..,..,..,..
TUNISIA,Business and professional,..,..,..,..,..,..,..,..,..,..,..,..,..,..,..,..,..,..,..,..,..,..,..,..,..,..,..,..
TÜRKIYE,Personal,"7,142","6,761","7,896","7,780",..,..,"10,034","11,541","12,159","15,306","18,551","16,960","24,718","28,455","30,211","31,127","33,776","34,083","36,703","38,923","39,261","29,454","36,735","43,613","49,874","15,164","28,255","49,703"
TÜRKIYE,Business and professional,585,"1,853","1,793","1,973",..,..,"1,243","1,381","1,543","1,897","1,972","2,316","2,497","2,525","1,795","1,901","2,375","2,381","2,523","2,492","2,356","1,912","1,886","2,016","1,986",662,"1,102","1,666"
TURKMENISTAN,Personal,202,197,178,290,..,3.4,5.2,10.8,7.6,13.4,10.3,5.2,5.2,..,..,..,..,..,..,..,..,..,..,..,..,..,..,..
TURKMENISTAN,Business and professional,30,84,154,90,..,..,..,..,0.6,1.4,1.3,0.4,3.0,..,..,..,..,..,..,..,..,..,..,..,..,..,..,..
TURKS AND CAICOS ISLANDS,Personal,75,83,88,103,98,104,100,108,105,..,..,..,..,..,..,..,..,..,..,..,..,..,..,..,..,..,..,..
TURKS AND CAICOS ISLANDS,Business and professional,4,5,5,8,23,48,65,47,59,..,..,..,..,..,..,..,..,..,..,..,..,..,..,..,..,..,..,..
TUVALU,Personal,..,0.4,0.6,0.5,0.6,0.5,0.6,1.0,1.1,0.4,0.5,1.0,1.0,..,..,..,0.9,0.8,0.7,0.8,1.3,1.3,..,1.6,1.5,0.2,0.0,0.12
TUVALU,Business and professional,..,0.5,0.4,0.5,0.5,0.5,0.5,0.3,0.3,0.9,0.6,0.2,0.1,..,..,..,0.3,0.3,0.6,0.6,1.1,1.2,..,1.5,2.2,0.4,0.0,0.12
UGANDA,Personal,..,..,131,152,142,139,152,195,238,431,437,466,532,681,640,762,991,987,910,995,981,"1,033",910,"1,074",912,170,385,562
UGANDA,Business and professional,..,..,44,43,48,54,53,59,67,81,31,72,110,163,167,184,160,210,296,272,322,290,492,432,631,303,128,253
UKRAINE,Personal,"4,682","4,443","13,549","10,525","9,443","10,267","10,221","11,006","11,559","14,602","16,591","17,879","22,164","24,335","19,953","20,441","20,711","22,639","24,503","12,661","12,387","13,298","14,136","14,050","13,390","3,127","3,933","2,171"
UKRAINE,Business and professional,803,948,"1,194","1,478","1,548","1,425","1,655","1,786",955,"1,028","1,040","1,056",958,"1,114",845,762,704,374,168,51,41,36,94,54,48,14,40,2
UNITED ARAB EMIRATES,Personal,..,..,..,..,..,..,..,..,..,..,..,..,..,..,..,..,..,..,..,"14,332","15,239","15,838","16,626","17,656","19,201","5,714","9,036",..
UNITED ARAB EMIRATES,Business and professional,..,..,..,..,..,..,..,..,..,..,..,..,..,..,..,..,..,..,..,"1,901","4,074","5,056","5,179","5,436","6,080","2,371","3,749",..
UNITED KINGDOM,Personal,"16,977","18,240","18,459","18,156","17,632","17,201","15,448","16,340","17,125","19,700","21,197","22,996","23,282","23,205","23,623","22,846","23,774","23,929","24,871","26,131","27,190","29,110","31,513","30,923","31,588","8,632","5,043","25,742"
UNITED KINGDOM,Business and professional,"6,560","6,923","7,056","7,589","7,762","8,008","7,387","7,840","7,590","8,055","8,773","9,717","9,496","8,683","7,449","7,552","8,112","8,292","8,696","9,206","9,602","10,019","9,567","9,361","9,269","2,469","1,341","5,503"
UNITED STATES OF AMERICA,Personal,..,..,"16,863","16,518","17,277","17,845","15,370","13,324","12,564","14,165","15,110","15,103","16,653","18,449","18,435","20,589","22,546","23,936","27,221","28,836","31,424","31,266","31,942","32,904","33,405","5,969","8,046",..
UNITED STATES OF AMERICA,Business and professional,..,..,"7,331","7,180","7,369","8,130","6,463","5,792","5,462","6,158","6,569","6,565","7,239","6,893","5,321","5,773","5,993","6,134","6,468","6,459","7,276","6,863","6,964","6,979","6,988","1,625","1,129",..
UNITED STATES VIRGIN ISLANDS,Personal,..,..,..,..,..,..,..,..,..,..,..,..,..,..,..,..,..,..,..,..,..,..,..,..,..,..,..,..
UNITED STATES VIRGIN ISLANDS,Business and professional,..,..,..,..,..,..,..,..,..,..,..,..,..,..,..,..,..,..,..,..,..,..,..,..,..,..,..,..
URUGUAY,Personal,"2,003","2,087","2,307","2,197","2,156","2,127","2,016","1,260","1,417","1,743","1,780","1,684","1,704","1,869","1,925","2,201","2,754","2,658","2,599","2,607","2,744","3,092","3,697","3,474","3,000",..,215,..
URUGUAY,Business and professional,173,171,155,127,117,109,120,94,91,128,137,140,111,129,174,207,206,188,216,204,221,237,244,238,221,..,19,..
UZBEKISTAN,Personal,..,..,864,747,439,260,269,258,209,224,194,480,792,939,"1,111",900,"1,317","1,808","1,829","1,717","1,778","1,854","2,505","5,224","6,620",..,..,..
UZBEKISTAN,Business and professional,..,..,95,64,48,42,76,73,22,37,48,80,111,131,104,75,77,88,140,145,139,173,185,122,128,..,..,..
VANUATU,Personal,38,40,44,46,45,52,47,43,43,53,54,59,70,81,91,88,84,97,101,101,81,87,101,108,113,21,..,29
VANUATU,Business and professional,6,6,6,6,6,6,6,6,7,8,8,9,11,10,9,10,10,11,9,8,9,9,8,8,8,1,..,2
"VENEZUELA, BOLIVARIAN REPUBLIC OF",Personal,432,446,458,383,312,220,262,202,168,302,433,489,541,513,417,402,448,766,727,667,532,461,296,..,..,..,..,..
"VENEZUELA, BOLIVARIAN REPUBLIC OF",Business and professional,268,313,356,302,275,249,322,230,169,185,273,259,215,186,145,124,147,222,259,190,257,141,131,..,..,..,..,..
VIET NAM,Personal,"1,043","1,242","1,313","1,228","1,516","1,720","1,935","2,182","1,961","2,406","2,981","3,007","3,555","3,392","3,005","4,026","5,011","5,682","6,305","6,552",..,..,..,..,..,..,..,..
VIET NAM,Business and professional,308,365,403,292,266,420,395,446,468,522,496,576,674,844,742,"1,024","1,003","1,166","1,267","1,322",..,..,..,..,..,..,..,..
YEMEN,Personal,..,..,..,..,..,..,..,..,..,..,..,..,..,..,..,..,..,..,..,..,..,..,..,..,..,..,..,..
YEMEN,Business and professional,..,..,..,..,..,..,..,..,..,..,..,..,..,..,..,..,..,..,..,..,..,..,..,..,..,..,..,..
ZAMBIA,Personal,124,155,201,195,220,256,291,317,257,355,416,466,557,472,381,373,350,385,379,513,350,408,410,445,686,287,343,..
ZAMBIA,Business and professional,39,109,140,166,184,201,201,248,156,160,253,290,340,339,329,442,571,474,535,434,582,549,599,626,580,215,211,..
ZIMBABWE,Personal,..,"1,411","1,076","1,828","1,763","1,614","1,781",..,..,"1,261","1,293","1,894","2,128","1,827","1,881","1,896","2,006","1,425","1,595","1,696","1,897","2,026","2,257","2,278","2,074",539,275,869
ZIMBABWE,Business and professional,..,186,260,262,487,352,436,..,..,593,265,393,378,129,136,343,417,369,237,184,160,142,166,302,221,101,106,174
