,1995,1996,1997,1998,1999,2000,2001,2002,2003,2004,2005,2006,2007,2008,2009,2010,2011,2012,2013,2014,2015,2016,2017,2018,2019,2020,2021,2022
AFGHANISTAN,..,..,..,..,..,..,..,..,..,..,..,..,..,..,..,..,..,..,..,..,..,..,..,..,..,..,..,..
ALBANIA,304,287,119,184,371,317,354,470,557,645,748,937,"1,127","1,420","1,856","2,417","2,932","3,514","3,256","3,673","4,131","4,736","5,118","5,927","6,406","2,658","5,689","7,544"
ALGERIA,520,605,635,678,749,866,901,988,"1,166","1,234","1,443","1,638","1,743","1,772","1,912","2,070","2,395","2,634","2,733","2,301","1,710","2,039","2,451","2,657","2,371",591,125,"1,398"
AMERICAN SAMOA,..,..,..,..,..,..,..,..,..,..,..,..,..,..,..,40.3,41.3,50.2,49.3,51.6,47.1,38.3,42.3,51.8,58.6,..,..,..
ANDORRA,..,..,..,..,"9,422","10,991","11,351","11,507","11,601","11,668","11,049","10,737","10,743","10,194","9,112","8,551","7,983","7,900","7,676","7,797","7,850","8,025","8,152","8,328","8,235","5,207","5,422","8,427"
ANGOLA,..,..,..,..,..,..,..,..,..,..,..,..,..,..,..,..,..,..,..,..,..,..,..,..,..,..,..,..
ANGUILLA,107,86,114,114,107,112,105,111,109,121,143,167,164,128,112,118,124,129,151,177,186,176,151,87,166,41,29,96
ANTIGUA AND BARBUDA,447,498,526,570,560,634,624,528,623,769,712,838,935,863,944,788,848,819,777,771,894,874,"1,040","1,064","1,035",276,250,642
ARGENTINA,..,..,..,..,..,..,..,..,..,..,..,..,..,..,..,..,..,..,..,..,..,"9,986","9,964","10,394","11,131","3,096",460,"7,503"
ARMENIA,..,..,..,..,..,..,..,..,..,..,..,..,..,..,..,..,..,..,..,..,..,..,..,..,..,..,..,..
ARUBA,912,957,947,906,972,"1,211","1,178","1,225","1,184","1,304","1,286","1,285","1,254","1,383","1,420","1,394","1,469","1,481","1,667","1,739","1,832","1,758","1,863","1,897","1,951",623,943,"1,711"
AUSTRALIA,"3,726","4,165","4,318","4,167","4,459","4,931","4,856","4,841","4,746","5,215","5,499","5,532","5,644","5,586","5,490","5,790","5,771","6,032","6,482","6,922","7,449","8,269","8,815","9,246","9,466","1,828",246,"3,694"
AUSTRIA,..,..,..,..,..,..,..,..,..,..,..,..,..,..,..,..,..,..,..,..,..,..,..,..,..,..,..,..
AZERBAIJAN,93,210,306,483,602,681,767,834,"1,038","1,279","1,177","1,194","1,333","1,899","1,830","1,963","2,239","2,484","2,509","2,298","2,006","2,249","2,697","2,850","3,170",796,792,"1,602"
BAHAMAS,"3,239","3,416","3,446","3,348","3,648","4,204","4,183","4,406","4,594","5,004","4,779","4,731","4,601","4,394","4,645","5,255","5,588","5,940","6,151","6,320","6,112","6,265","6,136","6,622","7,250","1,795","2,101","7,001"
BAHRAIN,"2,311","1,988","2,600","2,898","3,280","3,869","4,388","4,831","4,844","5,667","6,313","7,289","7,833","8,631","8,861","11,952","6,732","8,062","9,163","10,452","9,670","10,158","11,374","12,045","11,061","1,909","3,612","9,949"
BANGLADESH,..,..,..,..,..,..,..,..,..,..,..,..,..,..,..,..,..,..,..,..,..,..,..,..,..,..,..,..
BARBADOS,927,957,990,"1,019",947,"1,078","1,035","1,021","1,090","1,273","1,111","1,102","1,191","1,165","1,154","1,197","1,187","1,053","1,079","1,079","1,179","1,227","1,345","1,356",966,546,242,898
BELARUS,..,..,..,..,..,"2,030","1,852","1,907","1,729","1,816","4,738","5,276","5,283","5,262","4,872","5,674","5,877","6,130","6,242","5,375","4,386","10,935","11,060","11,502","11,832","3,598","3,361","4,920"
BELGIUM,..,..,..,..,..,..,..,..,..,..,..,..,..,..,..,..,..,..,..,..,..,..,..,..,..,..,..,..
BELIZE,342,349,305,300,340,374,385,694,999,"1,329","1,037",903,880,846,941,"1,054","1,106","1,028","1,022","1,289","1,299","1,391","1,441","1,697","1,674",487,437,..
BENIN,580,516,541,575,941,"1,068","1,155",853,850,845,960,975,"1,010","1,027",..,..,222,232,252,265,279,292,307,322,337,354,..,..
BERMUDA,557,570,562,558,549,539,458,484,483,478,517,635,660,550,554,580,652,610,576,580,597,642,688,766,805,51,86,549
BHUTAN,..,..,..,..,..,..,..,..,..,..,..,..,..,..,..,..,..,..,..,..,..,..,..,..,..,..,..,..
"BOLIVIA, PLURINATIONAL STATE OF",..,..,..,..,..,..,..,..,..,..,..,..,..,..,..,..,..,..,..,..,..,..,..,..,..,..,..,..
BONAIRE,70,80,86,85,78,96,94,94,107,116,103,126,172,250,280,297,..,..,..,..,..,..,..,..,..,..,..,..
BOSNIA AND HERZEGOVINA,..,..,..,..,..,..,..,..,..,..,..,..,..,..,..,..,..,..,..,..,..,..,..,..,..,..,..,..
BOTSWANA,636,656,765,940,"1,039","1,306","1,451","1,485","1,592","1,727","1,684","1,642","1,965","2,344",..,..,..,..,..,..,"1,660","1,712","1,775","1,830","1,555",358,338,..
BRAZIL,..,..,..,..,..,..,..,..,..,..,..,..,..,..,..,..,..,..,..,..,..,..,..,..,..,..,..,..
BRITISH VIRGIN ISLANDS,365,412,365,392,484,519,535,544,614,813,821,825,948,934,857,842,831,753,742,773,922,"1,124",..,..,895,..,..,..
BRUNEI DARUSSALAM,498,837,643,964,967,984,840,891,944,..,815,836,877,..,..,..,..,..,..,..,..,"4,257","4,316","4,521","4,449","1,071",110,..
BULGARIA,"8,005","6,811","7,543","5,240","5,056","4,922","5,104","5,563","6,241","6,982","7,282","7,499","7,726","8,533","7,873","8,374","8,713","8,867","9,192","9,409","9,317","10,604","11,596","12,368","12,552","4,973","7,188","10,888"
BURKINA FASO,..,..,..,..,..,..,..,..,..,..,..,..,..,..,..,..,..,..,..,..,..,..,..,..,..,..,..,..
BURUNDI,..,..,..,..,..,..,..,..,..,..,..,..,..,..,..,..,..,..,..,..,..,..,..,..,..,..,..,..
CABO VERDE,..,..,..,..,..,..,..,..,..,..,..,..,..,..,..,..,..,..,..,..,..,..,..,..,..,..,..,..
CAMBODIA,..,..,..,..,..,..,..,..,..,..,..,..,..,..,..,..,..,..,..,..,..,..,..,..,..,..,..,..
CAMEROON,..,..,..,..,..,..,..,..,..,..,..,451,477,487,498,573,604,817,783,822,897,994,"1,081",997,"1,021",616,963,539
CANADA,"41,657","43,256","45,076","48,064","49,055","48,638","47,147","44,896","38,903","38,845","36,160","33,390","30,373","27,370","24,696","25,621","25,066","25,318","25,167","25,558","27,555","30,142","31,081","31,274","32,430","5,068","4,282","17,924"
CAYMAN ISLANDS,"1,044","1,173","1,248","1,275","1,431","1,385","1,549","1,878","2,113","1,953","1,967","2,197","2,008","1,856","1,792","1,886","1,710","1,829","1,721","1,993","2,102","2,097","2,147","2,384","2,334",660,..,"1,028"
CENTRAL AFRICAN REPUBLIC,..,..,..,..,..,..,..,..,..,..,..,..,..,..,..,..,..,..,..,..,..,..,..,..,..,..,..,..
CHAD,58,67,77,89,93,94,175,149,101,106,59,..,..,..,..,..,..,..,..,..,..,..,..,..,..,..,..,..
CHILE,..,..,..,..,..,..,..,..,..,..,..,..,..,"3,713","3,657","3,584","3,963","4,397","4,457","4,601","5,487","6,712","7,621","6,603","5,431","1,311",192,"2,269"
CHINA,"46,387","51,128","57,588","63,478","72,796","83,444","89,013","97,908","91,662","109,038","120,292","124,942","131,873","130,027","126,476","133,762","135,423","132,405","129,078","128,499","133,820","141,774","153,260","158,606","162,538","27,467","26,380","25,250"
COLOMBIA,"1,433",751,758,823,725,707,788,661,668,840,981,"2,096","2,381","2,545","2,649","1,701","2,356","2,434","2,595","2,866","3,371","3,675","4,056","4,398","4,531","1,387","2,146","4,686"
COMOROS,..,..,..,..,..,..,..,..,..,..,..,..,..,..,..,..,..,..,..,..,..,..,..,..,..,..,..,..
CONGO,..,..,..,..,..,..,..,..,..,..,..,..,..,..,..,199,224,259,345,229,224,213,151,158,..,..,..,..
"CONGO, DEMOCRATIC REPUBLIC OF THE",85,..,..,..,..,..,..,..,..,..,..,..,..,..,..,..,197,..,..,..,..,..,..,..,..,..,..,..
COOK ISLANDS,..,..,..,..,..,..,..,..,..,..,..,..,..,..,..,..,..,..,..,..,..,..,..,..,..,..,..,..
COSTA RICA,924,940,"1,013","1,167","1,267","1,278","1,320","1,335","1,514","1,771","1,959","2,071","2,302","2,409","2,309","2,495","2,526","2,542","2,641","2,760","2,899","3,204","3,231","3,313","3,378","1,147","1,376","2,497"
COTE D´IVOIRE,188,237,274,301,..,..,..,..,..,..,..,..,182,205,231,252,270,289,380,471,"1,441","1,583","1,800","1,965","2,070",668,576,"2,047"
CROATIA,"16,100","19,085","23,660","25,499","29,215","37,226","40,129","41,737","42,857","44,974","45,762","47,733","52,271","51,336","47,573","49,006","49,969","47,185","48,345","51,168","55,858","57,587","59,238","57,668","60,021","21,608","34,123","50,023"
CUBA,745,"1,004","1,170","1,416","1,603","1,774","1,775","1,686","1,906","2,049","2,319","2,221","2,152","2,348","2,430","2,532","2,716","2,847","2,862","3,014","3,540","4,009","4,654","4,712","4,276","1,086",356,"1,614"
CURAÇAO,396,387,422,437,433,514,519,545,508,452,510,572,664,773,808,762,837,908,"1,071","1,129","1,072",944,"1,058","1,210","1,293",436,418,"1,034"
CYPRUS,"2,253","2,089","2,194","2,357","2,578","2,912","2,841","2,495","2,416","2,478","2,657","2,629","2,671","2,631","2,370","2,450","2,626","2,635","2,626","2,558","2,780","3,286","3,750","4,024","4,117",..,..,..
CZECH REPUBLIC (CZECHIA),..,..,..,..,..,..,..,..,"20,108","23,808","24,747","25,102","22,625","21,850","23,285","21,941","22,810","25,750","26,332","27,166","29,604","32,519","34,701","36,268","37,202","10,267","10,014",..
DENMARK,..,..,..,..,..,..,..,..,"21,119","22,054","26,927","26,936","27,138","26,870","26,571","26,730","25,811","26,402","26,516","28,070","28,209","28,692","30,736","30,801","32,065","16,031","18,372","31,530"
DJIBOUTI,..,..,..,..,..,..,..,..,..,..,..,..,..,..,..,..,..,..,..,..,..,..,..,..,..,..,..,..
DOMINICA,203,261,299,312,280,312,276,208,254,466,381,465,437,468,608,595,418,348,311,370,358,356,230,199,322,140,66,235
DOMINICAN REPUBLIC,"1,806","2,037","2,482","2,702","2,932","3,161","3,090","3,058","3,680","3,907","3,981","4,268","4,365","4,455","4,489","4,478","4,654","4,901","5,114","5,576","6,129","6,769","7,296","7,551","7,550","2,748","5,327","8,489"
ECUADOR,440,494,529,511,518,627,641,683,761,819,860,841,937,"1,005",968,"1,047","1,141","1,272","1,364","1,695","1,676","1,569","1,806","2,535","2,108",507,669,"1,265"
EGYPT,"3,133","3,896","3,961","3,454","4,797","5,506","4,648","5,192","6,044","8,104","8,608","9,083","11,091","12,835","12,536","14,731","9,845","11,532","9,464","9,878","9,328","5,399","8,292","11,346","13,026","3,677","7,998","11,724"
EL SALVADOR,..,..,..,..,..,867,804,885,798,"1,030","1,306","1,501","1,720","1,875","1,482","1,606","1,634","1,738","1,822","1,886","1,973","2,052","2,247","2,536","2,639",707,"1,436","2,541"
EQUATORIAL GUINEA,..,..,..,..,..,..,..,..,..,..,..,..,..,..,..,..,..,..,..,..,..,..,..,..,..,..,..,..
ERITREA,315,417,410,188,57,70,113,101,80,87,83,78,81,70,79,84,107,129,141,119,114,142,..,..,..,..,..,..
ESTONIA,"2,111","2,444","2,618","2,909","3,181","3,310","3,230","3,253","3,378",..,..,..,..,"3,828","3,834","4,369","4,907","5,007","5,737","5,804","5,696","5,942","6,145","6,033","6,103","1,695","1,310","3,497"
ESWATINI,..,"1,337","1,635",986,"1,253","1,151","1,312","1,371","1,543",..,"1,182","1,200","1,230","1,186","1,344","1,343","1,328","1,278","1,299","1,325","1,256","1,279","1,343","1,277","1,226",345,211,503
ETHIOPIA,..,..,..,..,..,..,..,..,..,..,..,..,..,..,..,..,..,..,..,..,..,..,..,..,..,..,..,..
FIJI,476,534,547,499,544,434,446,461,451,513,547,..,542,627,605,692,734,741,769,781,869,963,"1,027","1,058",969,168,32,652
FINLAND,..,..,..,"3,432","3,363","3,789","4,252","4,687","4,527","4,854","5,038","5,345","5,736","6,072","5,695","6,182","7,260","7,636",..,..,..,..,..,..,..,..,..,..
FRANCE,..,"148,263","157,551",..,..,..,..,..,..,"190,282","185,829","193,882","193,319","193,571","192,369","189,826","196,595","197,522","204,410","206,599","203,302","203,042","207,274","211,998","217,877","117,109","141,297",..
FRENCH GUIANA,..,..,..,..,..,..,..,..,..,..,..,..,..,..,..,..,..,..,..,..,..,..,..,..,..,..,..,..
FRENCH POLYNESIA,186,184,201,211,236,..,..,..,..,..,..,..,243,227,190,179,196,210,214,228,239,241,254,260,282,89,95,261
GABON,203,217,247,274,262,230,236,269,234,351,526,..,..,..,..,..,..,..,..,..,..,..,..,..,..,..,..,..
GAMBIA,..,..,..,..,..,..,..,..,..,459,460,613,487,643,..,..,..,..,..,..,..,..,..,..,..,..,..,..
GEORGIA,85,117,313,317,384,387,302,298,313,368,560,983,"1,052","1,290","1,500","2,032","2,712","4,106","4,954","5,004","5,256","5,393","6,483","7,203","7,726","1,513","1,721","4,704"
GERMANY,..,..,..,..,..,..,..,..,..,..,..,..,..,..,..,..,..,..,..,..,..,..,..,..,..,..,..,..
GHANA,..,..,..,..,..,..,..,..,..,..,..,..,..,..,..,..,..,..,..,..,..,..,..,..,..,..,..,..
GREECE,"10,712","9,782","10,588","11,364","12,606","13,567","14,678","14,918","14,785","14,268","15,938","17,284",..,..,..,..,..,..,"20,112","24,272","26,114","28,071","30,161","33,072","34,005","7,406","15,246","29,876"
GRENADA,369,386,368,392,379,316,277,271,294,370,380,342,406,428,460,445,447,370,327,387,437,474,468,529,526,217,72,335
GUADELOUPE,"1,059","1,236","1,130",914,854,994,759,..,569,560,445,447,500,527,458,497,419,487,645,720,822,857,970,"1,166",..,..,..,..
GUAM,..,..,..,..,..,..,..,..,..,..,..,..,..,..,..,..,..,..,..,..,..,..,..,..,..,..,..,..
GUATEMALA,563,520,576,636,823,826,835,884,880,"1,182","1,316","1,502","1,628","1,715","1,311","1,384","1,434","1,491","1,516","1,739","1,865","1,906","2,113","2,406","2,560",594,666,"1,845"
GUINEA,..,..,..,..,..,..,..,..,..,..,..,47,..,..,..,..,..,..,..,..,..,..,..,..,..,..,..,..
GUINEA-BISSAU,..,..,..,..,..,..,..,..,..,..,..,..,..,..,..,..,..,..,..,..,..,..,..,..,..,..,..,..
GUYANA,..,..,..,..,..,..,..,..,..,..,..,..,..,..,..,..,..,..,..,..,..,..,..,..,..,..,..,..
HAITI,370,400,387,393,386,445,499,482,518,385,480,558,868,758,826,793,946,959,"1,064","1,128","1,190","1,153","1,262","1,333",938,322,148,..
HONDURAS,..,271,310,324,428,689,672,788,887,"1,026","1,118","1,136","1,309","1,561","1,589","1,965","1,852","1,903","1,857","2,082","2,093","2,228","2,144","2,323","2,315",669,826,"1,911"
"HONG KONG, CHINA","10,200","12,974","11,273","10,160","11,328","13,059","13,725","16,566","15,537","21,811","23,359","25,251","28,169","29,507","29,591","36,030","41,921","48,615","54,299","60,839","59,308","56,655","58,472","65,148","55,913","3,569",91,605
HUNGARY,"39,240","39,833","37,315","33,624","28,803","31,141","30,679","31,739","31,412","33,934","36,173","38,318","39,379","39,554","40,624","39,904","41,304","43,565","43,611","45,984","48,345","52,890","54,962","57,667","61,397","31,641","36,688","46,343"
ICELAND,211,223,223,255,281,328,329,315,348,405,429,477,539,561,563,559,628,765,900,"1,102","1,389","1,891","2,353","2,488","2,202",488,717,..
INDIA,"2,143","2,308","2,395","2,382","2,508","2,677","2,591","2,428","2,774","3,512","4,038","4,626","5,244","5,373","5,295","5,881",..,..,..,..,..,..,"15,543","17,423","17,914","6,337","7,010","14,330"
INDONESIA,"4,324","5,034","5,185","4,606","4,728","5,064","5,153","5,033","4,467","5,321","5,002","4,871","5,506","6,234","6,324","7,003","7,650","8,044","8,802","9,435","10,407","11,519","14,040","15,810","16,107","4,053","1,558","5,889"
"IRAN, ISLAMIC REPUBLIC OF",452,573,764,"1,008","1,321","1,342","1,402","1,585","1,546","1,659","1,889","2,735","2,219","2,034","2,116","2,938","3,354","3,834","4,769","4,968","5,237","4,942","4,867","7,295","9,107","1,550",989,"4,108"
IRAQ,61,51,15,45,30,78,127,..,..,..,..,..,..,864,"1,262","1,518","1,510","1,111",892,..,..,..,..,..,..,..,..,..
IRELAND,..,..,..,..,..,..,..,..,..,..,..,..,..,..,..,..,..,..,..,..,..,..,..,..,..,..,..,..
ISRAEL,"2,530","2,360","2,295","2,200","2,566","2,672","1,219",862,..,"1,506","1,916","1,834","2,294","3,034","2,740","3,444","3,362","3,520","3,540","3,251","3,109","3,070","3,863","4,389","4,905",887,402,"2,851"
ITALY,"55,706","59,805","57,998","58,499","59,521","62,702","60,960","63,561","63,026","58,480","59,230","66,353","70,271","70,719","71,692","73,225","75,866","76,293","76,762","77,694","81,068","84,925","89,931","93,229","95,399","38,419","40,186","74,317"
JAMAICA,"1,752","1,821","1,904","1,899","2,013","2,230","2,117","2,131","2,483","2,515","2,615","3,016","2,880","2,859","2,753","2,832","3,077","3,306","3,274","3,504","3,692","3,837","4,276","4,319","4,234","1,330","1,535","3,331"
JAPAN,"3,345","3,837","4,218","4,106","4,438","4,757","4,772","5,239","5,212","6,138","6,728","7,334","8,347","8,351","6,790","8,611","6,219","8,358","10,364","13,413","19,737","24,039","28,691","31,192","31,882","4,116",246,"3,832"
JORDAN,"3,277","3,164","3,068","3,438","3,231","2,700","3,034","4,677","4,600","5,587","5,817","6,573","6,529","7,100","7,085","8,078","6,813","6,314","5,389","5,327","4,809","4,236","4,565","4,922","5,361","1,240","2,359","5,049"
KAZAKHSTAN,..,202,284,257,394,"1,683","2,693","3,678","3,237","4,291","4,365","4,707","5,311","4,117","3,774","4,097","5,685","6,163","6,841","6,333","6,430","6,509","7,701","8,789","8,515","2,035","1,330","4,729"
KENYA,974,"1,003","1,001",894,969,"1,037",994,"1,001","1,146","1,361","1,479","1,601","1,817","1,203","1,490","1,609","1,823","1,711","1,520","1,350","1,181","1,340","1,449","2,025","2,049",568,870,"1,484"
KIRIBATI,..,..,..,..,20,13,15,120,130,64,50,11,32,..,..,..,..,..,..,8.3,8.2,7.6,7.5,9,12,..,..,..
"KOREA, DEMOCRATIC PEOPLE´S REPUBLIC OF",..,..,..,..,..,..,..,..,..,..,..,..,..,..,..,..,..,..,..,..,..,..,..,..,..,..,..,..
"KOREA, REPUBLIC OF","3,753","3,684","3,908","4,250","4,660","5,322","5,147","5,347","4,753","5,818","6,023","6,155","6,448","6,891","7,818","8,798","9,795","11,140","12,176","14,202","13,232","17,242","13,336","15,347","17,503","2,519",967,"3,198"
KUWAIT,"1,443","1,565","1,638","1,763","1,884","1,944","2,072","2,316","2,602","3,056","3,474","3,899","4,482","4,736","5,088","5,208","5,574","5,729","6,217","6,528","6,941","7,055","7,407","8,508","8,565","2,161","1,606",..
KYRGYZSTAN,..,..,..,290,165,173,199,183,342,398,319,766,"1,656","2,379","2,451","1,224","3,025","3,393","4,134","3,791","4,000","3,853","4,568","6,947","8,508","2,079","3,169","6,901"
LAO PEOPLE´S DEMOCRATIC REPUBLIC,346,403,463,500,614,737,674,736,636,895,"1,095","1,215","1,624","1,737","2,008","2,513","2,724","3,330","3,779","4,159","4,684","4,239","3,869","4,186","4,791",886,..,..
LATVIA,"1,633","1,750","1,842","1,788","1,738","1,882","2,061","2,297","2,524","3,127","3,791","4,649","5,209","5,496","4,727","5,042","5,538","5,569","5,822","6,246","6,842","6,797","7,726","7,775","8,342","3,204","1,937",..
LEBANON,..,..,..,..,..,..,..,..,..,..,..,..,..,..,..,..,..,..,..,..,..,..,..,..,..,..,..,..
LESOTHO,209,312,313,290,308,302,295,287,329,304,304,357,300,293,344,426,398,423,433,"1,079","1,082","1,196","1,137","1,173","1,142",..,279,..
LIBERIA,..,..,..,..,..,..,..,..,..,..,..,..,..,..,..,..,..,..,..,..,..,..,..,..,..,..,..,..
LIBYA,"1,832","1,276",913,850,965,963,953,858,958,..,..,125,106,760,..,..,..,..,..,..,..,..,..,..,..,..,..,..
LIECHTENSTEIN,..,..,..,..,..,..,..,..,..,..,..,..,..,..,..,..,..,..,..,..,..,..,..,..,..,..,..,..
LITHUANIA,"2,600","3,497","3,702","4,287","4,454","4,092","4,195","3,999","3,635",..,..,..,"4,251","4,459","4,001","4,073","4,504","4,979","5,264","5,217","5,048","5,322","5,590","6,115","6,150","2,284","2,096","4,725"
LUXEMBOURG,..,..,..,..,..,..,..,..,..,..,..,..,..,..,..,..,..,..,..,..,..,..,..,..,..,..,..,..
"MACAO, CHINA","7,752","8,151","7,000","6,949","7,444","9,162","10,279","11,531","11,888","16,673","18,711","21,998","27,003","22,933","21,753","24,965","28,002","28,082","29,325","31,526","30,715","30,950","32,611","35,804","39,406","5,897","7,706","5,700"
MADAGASCAR,115,..,..,..,..,..,..,..,..,..,..,..,..,..,..,..,..,..,..,..,282,333,285,360,486,87,8,..
MALAWI,..,..,..,..,..,..,..,..,..,..,..,..,..,..,..,..,..,..,..,..,..,..,..,..,..,..,..,..
MALAYSIA,"14,885","14,084","12,591","10,886","13,910","17,213","22,995","20,756","16,293","24,432","24,209","25,298","28,325","25,321","31,509",..,..,..,..,..,..,..,..,..,"35,046","6,102",399,"19,016"
MALDIVES,..,..,..,..,..,..,..,..,..,..,..,..,..,..,..,..,..,..,..,..,..,..,..,..,..,..,..,..
MALI,..,..,..,..,..,..,..,..,..,..,..,..,..,..,..,..,..,..,..,..,..,..,..,..,..,..,..,..
MALTA,"1,193","1,123","1,238","1,326","1,402","1,387","1,439","1,483","1,512","1,428","1,484","1,521","1,723","1,832","1,608","1,815","1,916","2,007","2,013","2,162","2,383","2,592","2,944","3,232","3,519",718,"1,110","2,776"
MARSHALL ISLANDS,..,..,..,..,..,..,..,..,..,..,..,..,..,..,..,..,..,..,..,..,..,6.5,7.9,..,..,2,..,..
MARTINIQUE,885,885,900,964,903,816,663,654,722,630,577,599,573,568,511,553,538,603,622,696,762,842,"1,003","1,002",919,524,312,661
MAURITANIA,..,..,..,..,..,..,..,..,..,..,..,..,..,..,..,..,..,..,..,..,..,..,..,..,..,..,..,..
MAURITIUS,437,509,558,579,600,678,675,709,721,739,782,807,933,970,890,956,983,984,"1,015","1,065","1,174","1,307","1,371","1,431","1,418",316,180,"1,003"
MEXICO,"85,446","90,394","92,915","95,214","99,869","105,673","100,718","100,153","92,330","99,250","103,146","97,701","93,582","92,948","88,044","81,953","75,732","76,749","78,100","81,042","87,129","94,853","99,349","96,497","97,406","51,128","55,301","65,995"
"MICRONESIA, FEDERATED STATES OF",..,..,..,..,..,..,..,..,..,..,..,..,..,..,..,..,..,..,..,..,..,..,..,..,..,..,..,..
"MOLDOVA, REPUBLIC OF",32.8,28.9,21.2,19.9,14.1,19,15.7,20.2,23.6,..,..,..,..,..,..,..,..,..,..,..,..,..,..,..,..,..,..,..
MONACO,..,..,..,..,..,..,..,..,..,..,..,..,..,..,..,..,..,..,..,..,..,..,..,..,..,..,..,..
MONGOLIA,108,71,82,197,160,158,192,235,205,305,345,408,455,469,465,557,627,624,515,506,467,471,543,598,637,67,39,301
MONTENEGRO,..,..,..,..,..,..,..,..,..,..,..,..,..,..,..,..,..,..,..,..,..,..,..,..,..,..,..,..
MONTSERRAT,19.3,9,6.1,9.4,13,14.3,15.6,15,13.6,15.2,13.1,9.5,8.7,8.4,7.3,7.7,7.4,9.9,8.7,10.7,13.3,13.5,18.6,16.7,19.3,7.7,1.6,..
MOROCCO,"2,752","2,856","3,203","3,267","4,088","4,458","4,596","4,709","5,021","5,732","6,077","6,777","7,701","8,209","8,661","9,752","9,784","9,830","10,349","10,507","10,542","10,677","11,540","12,489","13,109","2,802","3,722","10,968"
MOZAMBIQUE,..,..,..,..,..,..,404,943,726,711,954,"1,095","1,259","1,439","1,711","1,836","2,013","2,206","1,970","1,751","1,634","1,715","1,514","2,870","2,033",959,549,879
MYANMAR,..,..,..,..,..,..,..,..,..,..,..,..,..,..,..,..,..,..,..,..,..,..,..,..,..,..,..,..
NAMIBIA,421,560,610,681,694,759,700,799,739,986,856,961,"1,048","1,079","1,100","1,114","1,163","1,245","1,327","1,429","1,488","1,551","1,581","1,639","1,651",187,261,528
NAURU,..,..,..,..,..,..,..,..,..,..,..,..,..,..,..,..,..,..,..,..,..,..,..,..,..,..,..,..
NEPAL,..,..,..,..,..,..,..,..,..,..,..,..,..,..,..,..,..,..,..,..,..,..,..,..,..,..,..,..
NETHERLANDS,..,..,..,..,..,..,..,..,..,..,..,..,..,..,..,..,..,..,..,..,..,..,..,..,..,..,..,..
NEW CALEDONIA,122,138,139,127,151,161,152,158,166,177,182,219,227,256,230,282,348,390,494,529,558,625,626,576,474,79,..,139
NEW ZEALAND,"1,409","1,529","1,497","1,485","1,607","1,787","1,909","2,045","2,104","2,334","2,366","2,409","2,455","2,483","2,473","2,530","2,617","2,574","2,710","2,854","3,129","3,494","3,723","3,858","3,888",996,207,"1,434"
NICARAGUA,341,388,453,483,530,581,584,579,646,735,804,891,978,"1,011","1,010","1,071","1,122","1,233","1,273","1,390","1,456","1,596","1,958","1,412","1,455",474,312,933
NIGER,..,..,..,..,..,..,..,..,..,..,..,..,..,..,..,..,..,..,..,..,..,..,..,..,..,..,..,..
NIGERIA,"1,031","1,230","1,292","1,357","1,425","1,492","1,753","2,046","2,253","2,646","2,778","3,056","5,239","5,820","6,053","6,113","3,765","4,673","4,038","4,803","6,017","5,265","5,182","5,254","5,361","1,209","1,246","1,271"
NIUE,..,..,..,..,..,..,..,..,..,..,..,..,..,..,..,..,..,..,..,..,..,..,11.6,..,..,..,..,..
NORTH MACEDONIA,..,..,..,..,..,..,..,..,..,..,..,..,..,..,..,..,..,..,..,..,..,..,..,..,..,..,..,..
NORTHERN MARIANA ISLANDS,676,736,695,490,502,529,444,476,459,536,507,436,389,397,354,379,341,401,439,460,479,531,660,518,487,89,13,97
NORWAY,..,..,..,"5,045","5,123","5,121","5,115","4,543","4,686","5,130","5,418","5,738","6,017","6,054","6,114","6,578","6,693",..,..,..,..,..,..,..,..,..,..,..
OMAN,..,..,..,..,..,..,"1,095","1,112","1,210","1,407","1,101","1,385","1,360","1,540","1,584","1,500","1,393","1,714","1,923","2,225","2,634","3,207","3,178","3,242","3,506",869,652,"2,920"
PAKISTAN,..,..,..,..,..,..,..,..,..,..,..,..,..,..,..,..,..,..,..,..,..,..,..,..,..,..,..,..
PALAU,..,..,..,..,..,..,..,..,..,..,..,..,..,..,..,..,..,..,..,..,..,..,..,..,..,..,..,..
PANAMA,417,443,504,529,555,600,737,800,897,"1,004","1,070","1,215","1,428","1,575","1,562","1,726","2,004","2,086","2,202","2,305","2,553","2,379","2,517","2,487","2,494",647,804,"1,946"
PAPUA NEW GUINEA,..,..,..,..,..,..,..,..,..,..,..,..,..,120,126,146,165,175,182,191,199,198,182,195,211,39,17,69
PARAGUAY,"15,678","12,868","10,955","9,818","6,569","3,924","3,550","3,194","2,859","2,589","2,648","2,830","3,005","3,118","3,183","3,171","3,365","3,655","3,538","3,455","4,102","4,318","4,744","4,183","4,368","1,077",571,"1,548"
PERU,..,..,..,..,..,..,..,"1,304","1,380","1,650","1,938","2,227","2,451","2,581","2,681","2,948","3,299","3,642","4,010","4,062","4,381","4,718","4,992","5,384","5,275","1,119",444,"2,279"
PHILIPPINES,..,..,..,..,..,..,..,..,..,..,..,..,..,..,..,..,..,..,..,..,..,..,..,..,..,..,..,..
POLAND,"82,244","87,439","87,817","88,592","89,118","84,515","61,431","50,735","52,130","61,918","64,606","65,115","66,208","59,935","53,840","58,340","60,745","67,390","72,310","73,750","77,743","80,476","83,804","85,946","88,515","51,076","51,026","71,814"
PORTUGAL,"23,066","23,252","24,244","26,560","27,016","28,014","28,150","27,194","27,532","21,165","21,173","22,588",..,..,..,..,..,..,..,..,..,..,..,..,..,..,..,..
PUERTO RICO,"4,087","4,110","4,350","4,671","4,221","4,566","4,908","4,364","4,402","4,889","5,073","5,022","5,062","5,213","4,415","4,379","4,214","4,197","4,210","4,456","5,051","5,003","4,927","4,260","4,931","3,882","2,755","3,638"
QATAR,..,..,..,..,..,..,..,..,..,..,..,..,..,..,"1,482","1,700","2,057","2,324","2,612","2,839","2,941","2,938","2,256","1,819","2,137",582,611,"2,560"
REUNION,..,..,..,..,..,..,..,..,..,..,..,..,..,..,..,..,..,..,..,..,..,..,551,574,601,255,..,..
ROMANIA,"5,445","5,205","5,149","4,831","5,224","5,264","4,938","4,794","5,595","6,600","5,839","6,037","7,722","8,862","7,575","7,498","7,611","7,937","8,019","8,442","9,331","10,223","10,926","11,720","12,815","5,023","6,789","12,697"
RUSSIAN FEDERATION,"10,290","16,208","17,463","16,188","18,820","21,169","21,595","23,309","22,521","22,064","22,201","22,486","22,909","23,676","21,339","22,281","24,932","28,177","30,792","32,421","33,729","24,571","24,390","24,551","24,419","6,359",..,..
RWANDA,..,..,..,..,..,..,..,..,..,..,..,531,610,669,664,667,908,"1,061","1,122","1,220","1,298","1,377","1,570","1,711","1,634",497,511,..
SABA,25,24.3,28.6,25.4,24.3,24.4,23.9,21.5,20.5,23.2,24.9,22.9,21.7,22.5,23.7,22.5,..,..,..,..,..,..,..,..,..,..,..,..
SAINT KITTS AND NEVIS,203,172,194,250,226,247,334,240,247,383,365,350,379,533,548,624,723,666,695,818,"1,036","1,055","1,194","1,278","1,107",301,123,589
SAINT LUCIA,407,422,563,629,666,727,747,648,683,791,720,670,905,925,982,984,950,889,921,987,"1,031",948,"1,064","1,165","1,220",433,297,714
SAINT VINCENT AND THE GRENADINES,218,216,200,202,223,256,254,247,242,262,256,306,328,250,271,231,208,200,200,205,207,227,304,356,399,155,57,210
SAMOA,..,..,..,..,..,..,..,..,..,..,..,116,122,122,129,130,128,135,125,132,139,146,158,172,181,24,3,51
SAN MARINO,"3,368","3,345","3,308","3,264","3,148","3,071","3,036","3,102","2,882","2,812","2,107","2,136","2,164","2,112","2,056","1,976","2,038","1,869","1,905","2,004","1,888","2,000","1,937","1,874","1,904","1,015","1,354",..
SAO TOME AND PRINCIPE,..,..,..,..,..,..,7.7,..,..,..,..,..,..,..,..,..,..,..,..,..,..,..,..,..,..,..,..,..
SAUDI ARABIA,"4,398",..,..,..,..,..,..,..,..,"11,083","10,417","10,962","13,479","17,717","13,319","13,025","15,776","19,847","19,934","23,010","21,834","20,887","18,607","17,570","20,292","4,882","3,869","18,256"
SENEGAL,..,..,..,..,..,..,..,..,502,677,779,876,879,877,815,906,977,967,"1,069",976,"1,014","1,219","1,376",..,..,..,..,..
SERBIA,..,..,..,..,..,..,..,..,..,..,..,..,..,..,..,..,..,..,..,..,..,..,..,..,..,..,..,..
SERBIA AND MONTENEGRO,..,..,..,..,..,..,..,..,..,..,..,..,..,..,..,..,..,..,..,..,..,..,..,..,..,..,..,..
SEYCHELLES,127,142,136,134,130,140,138,135,127,126,135,151,171,173,178,191,210,216,237,239,296,333,382,405,428,125,183,339
SIERRA LEONE,..,..,..,..,..,..,..,..,..,..,..,..,..,..,..,..,..,75,95,53,31,60,59,66,71,26,44,..
SINGAPORE,"7,137","7,292","7,198","6,242","6,958","7,691","7,522","7,567","6,127","8,329","8,943","9,751","10,285","10,116","9,683","11,642","13,171","14,496","15,568","15,095","15,232","16,403","17,425","18,508","19,116","2,742",330,"6,306"
SINT EUSTATIUS,25,24,25,25,25,27,30,..,..,..,..,..,..,..,..,..,..,..,..,..,..,..,..,..,..,..,..,..
SINT MAARTEN (DUTCH PART),"1,024","1,022","1,325","1,339","1,061","1,300","1,271","1,436","1,600","1,823","1,956","1,890","1,891","1,821","1,655","1,956","2,080","2,210","2,253","2,502","2,407","2,197","1,640","1,775","1,952",542,482,"1,217"
SLOVAKIA,..,..,..,..,..,..,..,..,..,..,..,..,..,..,..,..,..,..,"12,583","11,556","14,936","17,376","15,406","15,299","16,086",..,..,..
SLOVENIA,"63,674","71,876","76,568","65,587","60,009","63,580","61,878","60,031","59,388","63,013","60,230","58,274","61,293",..,..,..,..,..,..,..,..,..,..,..,..,..,..,..
SOLOMON ISLANDS,..,..,..,..,..,..,..,..,..,..,..,..,..,..,..,..,..,..,..,..,..,..,..,..,..,..,..,..
SOMALIA,..,..,..,..,..,..,..,..,..,..,..,..,..,..,..,..,..,..,..,..,..,..,..,..,..,..,..,..
SOUTH AFRICA,"4,684","5,186","5,170","5,898","6,026","6,001","5,908","6,550","6,640","6,815","7,518","8,509","9,208","9,729","9,532","11,303","12,097","13,069","14,318","14,530","13,952","15,121","14,975","15,004","14,797","3,887","2,664","7,342"
SOUTH SUDAN,..,..,..,..,..,..,..,..,..,..,..,..,..,..,..,..,..,..,..,..,..,..,..,..,..,..,..,..
SPAIN,"52,460","55,077","62,415","68,068","72,040","74,580","75,564","79,313","82,326","85,981","92,563","96,152","98,907","97,670","91,899","93,744","99,187","98,128","103,231","107,144","109,834","115,561","121,717","124,456","126,170","36,410","51,631","104,968"
SRI LANKA,414,315,384,409,465,445,397,457,583,681,669,689,592,526,538,766,976,"1,133","1,415","1,665","1,993","2,168","2,248","2,521","2,027",540,195,759
STATE OF PALESTINE,..,795,685,767,907,"1,055",..,..,..,..,..,..,928,"1,487","1,740","2,821","2,730","3,051","2,874","2,907","2,054","2,231","3,192","3,429","4,232","1,000",..,..
SUDAN,..,..,..,..,..,..,..,..,..,..,..,..,..,..,..,..,..,..,..,..,..,..,..,..,..,..,..,..
SURINAME,69,74,78,70,72,72,68,..,100,..,..,154,167,151,151,206,221,240,250,253,229,257,279,..,..,..,..,..
SWEDEN,..,..,..,..,..,..,"7,432","7,457","7,627",..,..,..,..,..,..,..,"19,405","20,011","18,803","19,945",..,..,..,..,..,..,..,..
SWITZERLAND,..,..,..,..,..,..,..,..,..,..,..,..,..,..,..,..,..,..,..,..,..,..,..,..,..,..,..,..
SYRIAN ARAB REPUBLIC,"2,253","2,435","2,332","2,464","2,682","3,412","3,671","4,678","4,837","6,334","5,859","5,682","5,434","6,951","7,721","10,970","6,476",..,..,..,..,"1,043","1,291","1,802","2,424",479,661,..
TAIWAN PROVINCE OF CHINA,"2,332","2,358","2,372","2,299","2,411","2,624","2,831","2,978","2,248","2,950","3,378","3,520","3,716","3,845","4,395","5,567","6,087","7,311","8,016","9,910","10,440","10,690","10,740","11,067","11,864","1,378",140,896
TAJIKISTAN,..,0.7,2.1,3.2,4.5,7.7,5.2,..,..,..,..,..,..,325,207,160,183,244,208,213,414,344,431,"1,035","1,257",351,296,..
"TANZANIA, UNITED REPUBLIC OF",295,326,360,482,627,501,525,575,576,583,613,644,719,770,714,783,868,"1,077","1,096","1,140","1,137","1,284","1,327","1,506","1,527",621,"1,027",..
THAILAND,..,"7,434","7,530","8,204","9,151","10,096","10,751",..,..,..,..,..,..,..,..,..,..,..,..,..,..,..,..,..,..,..,..,..
TIMOR-LESTE,..,..,..,..,..,..,..,..,..,..,..,..,..,..,..,..,..,..,..,..,..,..,..,..,..,..,..,..
TOGO,..,..,..,..,..,..,..,..,..,..,..,..,..,..,..,..,..,..,..,..,..,..,..,..,..,..,..,..
TONGA,33,31,29,35,44,43,38,45,51,51,60,54,65,65,75,65,68,57,60,66,73,87,87,77,94,12,0,22
TRINIDAD AND TOBAGO,282,317,360,377,421,503,468,451,474,501,529,534,531,482,534,490,491,504,467,459,522,498,470,508,482,141,41,253
TUNISIA,"4,186","3,986","4,392","4,831","5,000","5,244","5,663","5,322","5,492","6,419","6,975","7,176","7,512","7,750","8,507","8,640","6,038",..,..,..,..,..,..,..,..,..,..,..
TÜRKIYE,"7,727","8,614","9,689","9,753","7,487","10,428","11,619","13,256","14,030","17,517","21,125","19,820","27,215","31,138","31,760","32,997","36,769","37,715","39,861","41,627","41,114","30,907","37,970","46,113","51,747","15,971","30,039","51,388"
TURKMENISTAN,233,282,332,380,..,..,..,..,..,..,..,..,..,..,..,..,..,..,..,..,..,..,..,..,..,..,..,..
TURKS AND CAICOS ISLANDS,..,..,..,..,..,..,..,..,..,..,..,..,..,757,865,899,"1,010",968,"1,069","1,330","1,316","1,296","1,243","1,463","1,599",370,432,..
TUVALU,..,..,..,..,..,..,..,..,..,..,..,..,..,..,..,..,..,..,..,..,..,..,..,..,..,..,..,..
UGANDA,..,..,..,..,..,..,..,..,..,..,..,..,..,..,..,..,..,..,..,..,..,..,..,..,..,..,..,..
UKRAINE,"6,127","6,750","14,743","12,003","10,990","11,691","11,877","12,793","15,161","18,583","20,489","21,714","26,162","28,827","24,033","24,114","24,535","25,061","26,025","13,227","13,025","13,734","14,579","14,342","13,710","3,382","4,272","2,307"
UNITED ARAB EMIRATES,..,..,..,..,..,..,..,..,..,..,..,..,..,..,..,..,..,..,..,..,"19,313","20,894","21,805","23,092","25,282","8,084","12,784",..
UNITED KINGDOM,"23,537","25,163","25,515","25,745","25,394","25,209","22,835","24,180","24,715","27,755","29,970","32,713","32,778","31,888","31,072","30,398","31,886","32,221","33,567","35,337","36,792","39,129","41,080","40,283","40,857","11,101","6,384","31,244"
UNITED STATES OF AMERICA,"79,732","82,756","82,525","74,767","75,796","78,343","70,975","64,434","62,082","67,606","71,484","183,178","175,299","175,703","160,508","162,275","147,271","171,630","179,310","178,311","176,865","175,261","174,292","169,325","165,478","44,792","66,594",..
UNITED STATES VIRGIN ISLANDS,"1,741","1,779","2,128","2,139","1,964","2,396","2,497","2,337","2,395","2,620","2,602","2,571","2,606","2,435","2,245","2,531","2,686","2,640","2,702","2,814","2,643","2,574","1,954","1,922","2,074",862,"1,072",..
URUGUAY,"2,177","2,258","2,463","2,324","2,273","2,236","2,136","1,354","1,508","1,871","1,917","1,824","1,815","2,255","2,303","2,708","3,244","3,155","3,242","3,195","3,286","3,632","4,219","3,954","3,480",..,234,..
UZBEKISTAN,92,173,960,811,487,302,345,332,231,262,242,560,903,"1,069","1,215",975,"1,393","1,895","1,969","1,862","1,918","2,027","2,690","5,346","6,749","1,504","1,881","5,233"
VANUATU,82,103,81,78,96,106,106,99,102,99,126,154,167,197,226,238,249,321,357,329,287,352,333,350,256,82,..,65
"VENEZUELA, BOLIVARIAN REPUBLIC OF",879,960,933,813,702,602,792,590,435,618,846,883,898,702,567,535,625,"1,061","1,085",967,882,681,429,..,..,..,..,..
VIET NAM,"1,351","1,607","1,716","1,520","1,782","2,140","2,330","2,628","2,429","2,928","3,477","3,583","4,229","4,236","3,747","5,050","6,014","6,848","7,572","7,874","7,944","10,013","12,922","15,498","18,009","3,837",157,"3,661"
YEMEN,..,..,..,..,..,..,..,..,..,..,..,..,..,..,..,"1,035","1,175","1,282","1,323","1,218",398,..,..,..,..,..,..,..
ZAMBIA,..,..,..,..,..,..,..,..,..,..,..,..,..,..,..,..,..,..,..,..,..,..,..,..,..,..,..,..
ZIMBABWE,"1,416","1,597","1,336","2,090","2,250","1,967","2,217","2,041","2,256","1,854","1,559","2,287","2,506","1,956","2,017","2,239","2,423","1,794","1,833","1,880","2,057","2,168","2,423","2,580","2,294",639,381,"1,044"
